-- MySQL dump 10.13  Distrib 5.7.30, for Linux (x86_64)
--
-- Host: localhost    Database: shop_project
-- ------------------------------------------------------
-- Server version	5.7.30-0ubuntu0.18.04.1

/*!40101 SET @OLD_CHARACTER_SET_CLIENT=@@CHARACTER_SET_CLIENT */;
/*!40101 SET @OLD_CHARACTER_SET_RESULTS=@@CHARACTER_SET_RESULTS */;
/*!40101 SET @OLD_COLLATION_CONNECTION=@@COLLATION_CONNECTION */;
/*!40101 SET NAMES utf8 */;
/*!40103 SET @OLD_TIME_ZONE=@@TIME_ZONE */;
/*!40103 SET TIME_ZONE='+00:00' */;
/*!40014 SET @OLD_UNIQUE_CHECKS=@@UNIQUE_CHECKS, UNIQUE_CHECKS=0 */;
/*!40014 SET @OLD_FOREIGN_KEY_CHECKS=@@FOREIGN_KEY_CHECKS, FOREIGN_KEY_CHECKS=0 */;
/*!40101 SET @OLD_SQL_MODE=@@SQL_MODE, SQL_MODE='NO_AUTO_VALUE_ON_ZERO' */;
/*!40111 SET @OLD_SQL_NOTES=@@SQL_NOTES, SQL_NOTES=0 */;

--
-- Temporary table structure for view `CategoryView`
--

DROP TABLE IF EXISTS `CategoryView`;
/*!50001 DROP VIEW IF EXISTS `CategoryView`*/;
SET @saved_cs_client     = @@character_set_client;
SET character_set_client = utf8;
/*!50001 CREATE VIEW `CategoryView` AS SELECT 
 1 AS `name`,
 1 AS `keyword`,
 1 AS `picture`,
 1 AS `parent_id`*/;
SET character_set_client = @saved_cs_client;

--
-- Table structure for table `cart_details`
--

DROP TABLE IF EXISTS `cart_details`;
/*!40101 SET @saved_cs_client     = @@character_set_client */;
/*!40101 SET character_set_client = utf8 */;
CREATE TABLE `cart_details` (
  `id` int(10) unsigned NOT NULL AUTO_INCREMENT,
  `cart_id` int(10) unsigned NOT NULL,
  `product_id` int(10) unsigned NOT NULL,
  `qty` int(10) unsigned NOT NULL,
  `name` int(10) unsigned NOT NULL,
  `price` int(10) unsigned NOT NULL,
  `created_at` timestamp NULL DEFAULT NULL,
  `updated_at` timestamp NULL DEFAULT NULL,
  PRIMARY KEY (`id`),
  KEY `cart_details_cart_id_foreign` (`cart_id`),
  KEY `cart_details_product_id_foreign` (`product_id`),
  CONSTRAINT `cart_details_cart_id_foreign` FOREIGN KEY (`cart_id`) REFERENCES `carts` (`id`),
  CONSTRAINT `cart_details_product_id_foreign` FOREIGN KEY (`product_id`) REFERENCES `products` (`id`)
) ENGINE=InnoDB AUTO_INCREMENT=6 DEFAULT CHARSET=utf8mb4 COLLATE=utf8mb4_unicode_ci;
/*!40101 SET character_set_client = @saved_cs_client */;

--
-- Dumping data for table `cart_details`
--

LOCK TABLES `cart_details` WRITE;
/*!40000 ALTER TABLE `cart_details` DISABLE KEYS */;
INSERT INTO `cart_details` VALUES (1,1,5,1,0,0,'2020-01-07 10:08:58','2020-01-07 10:08:58'),(2,1,7,2,0,0,'2020-01-07 10:09:17','2020-01-07 10:10:21'),(3,1,18,1,0,0,'2020-01-07 10:09:26','2020-01-07 10:09:26'),(4,1,2,1,0,0,'2020-01-07 10:10:09','2020-01-07 10:10:09'),(5,1,8,1,0,0,'2020-01-07 10:11:51','2020-01-07 10:11:51');
/*!40000 ALTER TABLE `cart_details` ENABLE KEYS */;
UNLOCK TABLES;

--
-- Table structure for table `carts`
--

DROP TABLE IF EXISTS `carts`;
/*!40101 SET @saved_cs_client     = @@character_set_client */;
/*!40101 SET character_set_client = utf8 */;
CREATE TABLE `carts` (
  `id` int(10) unsigned NOT NULL AUTO_INCREMENT,
  `user_id` int(10) unsigned NOT NULL,
  `created_at` timestamp NULL DEFAULT NULL,
  `updated_at` timestamp NULL DEFAULT NULL,
  PRIMARY KEY (`id`),
  KEY `carts_user_id_foreign` (`user_id`),
  CONSTRAINT `carts_user_id_foreign` FOREIGN KEY (`user_id`) REFERENCES `users` (`id`)
) ENGINE=InnoDB AUTO_INCREMENT=2 DEFAULT CHARSET=utf8mb4 COLLATE=utf8mb4_unicode_ci;
/*!40101 SET character_set_client = @saved_cs_client */;

--
-- Dumping data for table `carts`
--

LOCK TABLES `carts` WRITE;
/*!40000 ALTER TABLE `carts` DISABLE KEYS */;
INSERT INTO `carts` VALUES (1,1,'2020-01-07 10:08:58','2020-01-07 10:08:58');
/*!40000 ALTER TABLE `carts` ENABLE KEYS */;
UNLOCK TABLES;

--
-- Table structure for table `categories`
--

DROP TABLE IF EXISTS `categories`;
/*!40101 SET @saved_cs_client     = @@character_set_client */;
/*!40101 SET character_set_client = utf8 */;
CREATE TABLE `categories` (
  `id` int(10) unsigned NOT NULL AUTO_INCREMENT,
  `name` varchar(255) COLLATE utf8mb4_unicode_ci NOT NULL,
  `keyword` varchar(255) COLLATE utf8mb4_unicode_ci NOT NULL,
  `picture` varchar(255) COLLATE utf8mb4_unicode_ci NOT NULL,
  `parent_id` int(11) NOT NULL,
  `created_at` timestamp NULL DEFAULT NULL,
  `updated_at` timestamp NULL DEFAULT NULL,
  PRIMARY KEY (`id`),
  UNIQUE KEY `categories_name_unique` (`name`),
  UNIQUE KEY `categories_keyword_unique` (`keyword`)
) ENGINE=InnoDB AUTO_INCREMENT=15 DEFAULT CHARSET=utf8mb4 COLLATE=utf8mb4_unicode_ci;
/*!40101 SET character_set_client = @saved_cs_client */;

--
-- Dumping data for table `categories`
--

LOCK TABLES `categories` WRITE;
/*!40000 ALTER TABLE `categories` DISABLE KEYS */;
INSERT INTO `categories` VALUES (1,'Laptops','laptop','/upload/imgCategory/laptop.jpg',0,NULL,NULL),(2,'Smart phones','smart-phone','/upload/imgCategory/smartphone.jpg',0,NULL,NULL),(3,'Accessories','accessory','/upload/imgCategory/accessory.jpeg',0,NULL,NULL),(4,'Laptop ASUS','laptop-asus','/upload/imgCategory/laptop-asus.jpg',1,NULL,NULL),(5,'Laptop DELL','laptop-dell','/upload/imgCategory/laptop-dell.jpg',1,NULL,NULL),(6,'Laptop HP','laptop-hp','/upload/imgCategory/laptop-hp.jpg',1,NULL,NULL),(7,'Laptop LENOVO','laptop-lenovo','/upload/imgCategory/laptop-lenovo.png',1,NULL,NULL),(8,'Smart Phone IPHONE','smart-phone-iphone','/upload/imgCategory/smartphone-iphone.png',2,NULL,NULL),(9,'Smart Phone SAMSUNG','smart-phone-samsung','/upload/imgCategory/smartphone-samsung.png',2,NULL,NULL),(10,'Smart Phone ASUS','smart-phone-asus','/upload/imgCategory/smartphone-asus.jpg',2,NULL,NULL),(11,'CAMERA','camera','/upload/imgCategory/camera.png',3,NULL,NULL),(12,'HEADPHONE','headphone','/upload/imgCategory/headphone.jpeg',3,NULL,NULL),(13,'iphone','','',2,'2020-02-21 04:27:57','2020-02-21 04:27:57'),(14,'aaaaa','aaaaa','/upload/imgCategory/headphone.jpeg',0,'2020-02-21 04:27:57',NULL);
/*!40000 ALTER TABLE `categories` ENABLE KEYS */;
UNLOCK TABLES;

--
-- Table structure for table `comment_ratings`
--

DROP TABLE IF EXISTS `comment_ratings`;
/*!40101 SET @saved_cs_client     = @@character_set_client */;
/*!40101 SET character_set_client = utf8 */;
CREATE TABLE `comment_ratings` (
  `id` int(10) unsigned NOT NULL AUTO_INCREMENT,
  `user_id` int(10) unsigned NOT NULL,
  `product_id` int(10) unsigned NOT NULL,
  `content` text COLLATE utf8mb4_unicode_ci NOT NULL,
  `rating` varchar(255) COLLATE utf8mb4_unicode_ci DEFAULT NULL,
  `created_at` timestamp NULL DEFAULT NULL,
  `updated_at` timestamp NULL DEFAULT NULL,
  PRIMARY KEY (`id`),
  KEY `comment_ratings_user_id_foreign` (`user_id`),
  KEY `comment_ratings_product_id_foreign` (`product_id`),
  CONSTRAINT `comment_ratings_product_id_foreign` FOREIGN KEY (`product_id`) REFERENCES `products` (`id`),
  CONSTRAINT `comment_ratings_user_id_foreign` FOREIGN KEY (`user_id`) REFERENCES `users` (`id`)
) ENGINE=InnoDB AUTO_INCREMENT=101 DEFAULT CHARSET=utf8mb4 COLLATE=utf8mb4_unicode_ci;
/*!40101 SET character_set_client = @saved_cs_client */;

--
-- Dumping data for table `comment_ratings`
--

LOCK TABLES `comment_ratings` WRITE;
/*!40000 ALTER TABLE `comment_ratings` DISABLE KEYS */;
INSERT INTO `comment_ratings` VALUES (1,5,3,'By the use of this rope--Will the roof of the sense, and the second thing is to give the prizes?\' quite a commotion in the sun. (IF you don\'t even know what a dear quiet thing,\' Alice went on.','4','2019-11-01 07:57:37','2019-11-01 07:57:37'),(2,5,50,'The miserable Hatter dropped his teacup instead of the baby?\' said the Hatter. \'He won\'t stand beating. Now, if you were all shaped like ears and the words don\'t FIT you,\' said the King. \'Nearly two.','2','2019-11-01 07:57:37','2019-11-01 07:57:37'),(3,4,7,'After a minute or two to think this a very respectful tone, but frowning and making faces at him as he spoke. \'A cat may look at me like that!\' \'I couldn\'t afford to learn it.\' said the Mock Turtle.','4','2019-11-01 07:57:37','2019-11-01 07:57:37'),(4,3,37,'King, \'and don\'t be particular--Here, Bill! catch hold of this was her dream:-- First, she tried to say when I got up and say \"Who am I to get in?\' \'There might be hungry, in which you usually see.','4','2019-11-01 07:57:37','2019-11-01 07:57:37'),(5,5,47,'And it\'ll fetch things when you throw them, and it\'ll sit up and throw us, with the name of the well, and noticed that they must be the right way to explain it is you hate--C and D,\' she added.','4','2019-11-01 07:57:37','2019-11-01 07:57:37'),(6,5,28,'VERY deeply with a little of it?\' said the Lory. Alice replied in an agony of terror. \'Oh, there goes his PRECIOUS nose\'; as an explanation. \'Oh, you\'re sure to happen,\' she said to Alice; and Alice.','4','2019-11-01 07:57:37','2019-11-01 07:57:37'),(7,3,38,'Seven flung down his face, as long as you can--\' \'Swim after them!\' screamed the Queen. \'Their heads are gone, if it had gone. \'Well! I\'ve often seen them at dinn--\' she checked herself hastily. \'I.','1','2019-11-01 07:57:37','2019-11-01 07:57:37'),(8,4,47,'Queen furiously, throwing an inkstand at the door--I do wish they COULD! I\'m sure I can\'t tell you more than nine feet high. \'I wish you were me?\' \'Well, perhaps not,\' said the Caterpillar took the.','3','2019-11-01 07:57:37','2019-11-01 07:57:37'),(9,4,42,'','4','2019-11-01 07:57:37','2020-02-21 08:26:50'),(10,2,22,'March Hare. Alice sighed wearily. \'I think I should think it was,\' said the Gryphon: and Alice was rather glad there WAS no one could possibly hear you.\' And certainly there was enough of me left to.','1','2019-11-01 07:57:37','2019-11-01 07:57:37'),(11,1,36,'Footman continued in the air. She did not like the tone of delight, which changed into alarm in another moment it was the BEST butter,\' the March Hare was said to herself. \'Shy, they seem to be\"--or.','5','2019-11-01 07:57:37','2019-11-01 07:57:37'),(12,2,38,'I hadn\'t mentioned Dinah!\' she said to Alice; and Alice was beginning to think that will be When they take us up and straightening itself out again, so she went slowly after it: \'I never heard of.','3','2019-11-01 07:57:37','2019-11-01 07:57:37'),(13,3,39,'Time!\' \'Perhaps not,\' Alice replied eagerly, for she was quite pleased to find her way through the glass, and she had been broken to pieces. \'Please, then,\' said Alice, and tried to curtsey as she.','4','2019-11-01 07:57:37','2019-11-01 07:57:37'),(14,3,29,'King said gravely, \'and go on with the strange creatures of her age knew the meaning of half an hour or so there were no tears. \'If you\'re going to happen next. The first witness was the first.','3','2019-11-01 07:57:37','2019-11-01 07:57:37'),(15,3,14,'Alice, (she had grown up,\' she said to the waving of the song, she kept on puzzling about it just grazed his nose, and broke off a bit hurt, and she went on again:-- \'I didn\'t write it, and burning.','2','2019-11-01 07:57:37','2019-11-01 07:57:37'),(16,3,18,'Alice: \'three inches is such a wretched height to be.\' \'It is wrong from beginning to grow to my right size: the next thing was snorting like a snout than a rat-hole: she knelt down and began.','5','2019-11-01 07:57:37','2019-11-01 07:57:37'),(17,4,13,'Forty-two. ALL PERSONS MORE THAN A MILE HIGH TO LEAVE THE COURT.\' Everybody looked at them with the lobsters, out to the three gardeners who were giving it something out of court! Suppress him!.','5','2019-11-01 07:57:37','2019-11-01 07:57:37'),(18,4,39,'Alice, with a smile. There was not a mile high,\' said Alice. The King looked anxiously over his shoulder as he spoke, and then another confusion of voices--\'Hold up his head--Brandy now--Don\'t choke.','2','2019-11-01 07:57:37','2019-11-01 07:57:37'),(19,2,22,'Rabbit began. Alice thought this a very good advice, (though she very soon found out a new idea to Alice, and she did not venture to ask help of any that do,\' Alice hastily replied; \'only one.','2','2019-11-01 07:57:37','2019-11-01 07:57:37'),(20,2,49,'Alice, \'we learned French and music.\' \'And washing?\' said the Mock Turtle. \'No, no! The adventures first,\' said the White Rabbit returning, splendidly dressed, with a sudden burst of tears, until.','2','2019-11-01 07:57:37','2019-11-01 07:57:37'),(21,1,17,'King in a hoarse, feeble voice: \'I heard every word you fellows were saying.\' \'Tell us a story!\' said the Caterpillar, and the Queen, the royal children, and everybody else. \'Leave off that!\'.','5','2019-11-01 07:57:37','2019-11-01 07:57:37'),(22,2,40,'I think--\' (she was obliged to have been a holiday?\' \'Of course not,\' Alice cautiously replied: \'but I know I do!\' said Alice indignantly. \'Let me alone!\' \'Serpent, I say again!\' repeated the.','3','2019-11-01 07:57:37','2019-11-01 07:57:37'),(23,2,28,'Alice dear!\' said her sister; \'Why, what are they made of?\' \'Pepper, mostly,\' said the Cat, \'if you only walk long enough.\' Alice felt dreadfully puzzled. The Hatter\'s remark seemed to think that.','2','2019-11-01 07:57:37','2019-11-01 07:57:37'),(24,2,41,'WAS a narrow escape!\' said Alice, and looking anxiously about as curious as it happens; and if I chose,\' the Duchess said in a court of justice before, but she heard a little recovered from the.','5','2019-11-01 07:57:37','2019-11-01 07:57:37'),(25,2,46,'I beg your pardon!\' she exclaimed in a hoarse growl, \'the world would go anywhere without a porpoise.\' \'Wouldn\'t it really?\' said Alice indignantly. \'Let me alone!\' \'Serpent, I say again!\' repeated.','3','2019-11-01 07:57:37','2019-11-01 07:57:37'),(26,5,41,'But I\'ve got to?\' (Alice had no very clear notion how long ago anything had happened.) So she called softly after it, never once considering how in the same thing with you,\' said the Duchess.','4','2019-11-01 07:57:37','2019-11-01 07:57:37'),(27,2,9,'Paris is the capital of Paris, and Paris is the capital of Paris, and Paris is the driest thing I know. Silence all round, if you wouldn\'t keep appearing and vanishing so suddenly: you make one.','4','2019-11-01 07:57:37','2019-11-01 07:57:37'),(28,4,5,'I don\'t want to stay with it as to bring but one; Bill\'s got to come once a week: HE taught us Drawling, Stretching, and Fainting in Coils.\' \'What was THAT like?\' said Alice. \'Anything you like,\'.','5','2019-11-01 07:57:37','2019-11-01 07:57:37'),(29,4,8,'As there seemed to be listening, so she went on, \'What HAVE you been doing here?\' \'May it please your Majesty,\' said the Mouse. \'Of course,\' the Dodo solemnly, rising to its children, \'Come away, my.','4','2019-11-01 07:57:37','2019-11-01 07:57:37'),(30,5,28,'How I wonder if I\'ve been changed for Mabel! I\'ll try if I can reach the key; and if it thought that she was saying, and the game was in the book,\' said the Hatter, it woke up again as she spoke. \'I.','1','2019-11-01 07:57:37','2019-11-01 07:57:37'),(31,2,29,'I\'ll tell you just now what the moral of that is--\"Oh, \'tis love, that makes the matter with it. There was certainly not becoming. \'And that\'s the queerest thing about it.\' (The jury all brightened.','5','2019-11-01 07:57:37','2019-11-01 07:57:37'),(32,1,7,'CHAPTER III. A Caucus-Race and a large ring, with the bread-knife.\' The March Hare and the Dormouse say?\' one of the sense, and the second verse of the right-hand bit to try the effect: the next.','5','2019-11-01 07:57:37','2019-11-01 07:57:37'),(33,4,19,'He looked at it uneasily, shaking it every now and then said \'The fourth.\' \'Two days wrong!\' sighed the Hatter. \'I deny it!\' said the Mouse. \'--I proceed. \"Edwin and Morcar, the earls of Mercia and.','2','2019-11-01 07:57:37','2019-11-01 07:57:37'),(34,1,23,'Alice began, in a low voice. \'Not at first, perhaps,\' said the Pigeon had finished. \'As if it began ordering people about like mad things all this grand procession, came THE KING AND QUEEN OF.','5','2019-11-01 07:57:37','2019-11-01 07:57:37'),(35,3,8,'Where CAN I have ordered\'; and she hastily dried her eyes immediately met those of a well?\' The Dormouse shook itself, and was a queer-shaped little creature, and held it out to her ear, and.','2','2019-11-01 07:57:37','2019-11-01 07:57:37'),(36,1,1,'No, there were three gardeners who were giving it a bit, if you could keep it to his son, \'I feared it might tell her something about the twentieth time that day. \'That PROVES his guilt,\' said the.','1','2019-11-01 07:57:37','2019-11-01 07:57:37'),(37,2,11,'When the procession came opposite to Alice, flinging the baby violently up and bawled out, \"He\'s murdering the time! Off with his whiskers!\' For some minutes the whole party at once in her head, and.','5','2019-11-01 07:57:37','2019-11-01 07:57:37'),(38,4,43,'I got up this morning, but I grow at a king,\' said Alice. \'It goes on, you know,\' said Alice loudly. \'The idea of the crowd below, and there they are!\' said the Caterpillar took the hookah out of.','4','2019-11-01 07:57:37','2019-11-01 07:57:37'),(39,5,49,'Queen till she had finished, her sister was reading, but it was growing, and she at once to eat the comfits: this caused some noise and confusion, as the large birds complained that they couldn\'t.','5','2019-11-01 07:57:37','2019-11-01 07:57:37'),(40,5,41,'The Queen\'s argument was, that she was beginning to think about it, you know.\' \'Not the same year for such dainties would not open any of them. However, on the back. At last the Gryphon hastily. \'Go.','1','2019-11-01 07:57:37','2019-11-01 07:57:37'),(41,5,22,'I know?\' said Alice, who felt ready to ask them what the next witness would be offended again. \'Mine is a raven like a thunderstorm. \'A fine day, your Majesty!\' the Duchess said to a mouse: she had.','5','2019-11-01 07:57:37','2019-11-01 07:57:37'),(42,4,40,'Alice took up the little thing sat down at her feet in the world go round!\"\' \'Somebody said,\' Alice whispered, \'that it\'s done by everybody minding their own business!\' \'Ah, well! It means much the.','5','2019-11-01 07:57:37','2019-11-01 07:57:37'),(43,3,32,'First, however, she went slowly after it: \'I never heard of \"Uglification,\"\' Alice ventured to ask. \'Suppose we change the subject of conversation. While she was small enough to look through into.','1','2019-11-01 07:57:37','2019-11-01 07:57:37'),(44,4,11,'I can remember feeling a little house in it a little bit, and said \'That\'s very curious.\' \'It\'s all his fancy, that: he hasn\'t got no sorrow, you know. Come on!\' \'Everybody says \"come on!\" here,\'.','5','2019-11-01 07:57:37','2019-11-01 07:57:37'),(45,3,3,'Cat, as soon as look at the number of changes she had never left off when they passed too close, and waving their forepaws to mark the time, while the Dodo said, \'EVERYBODY has won, and all the.','1','2019-11-01 07:57:37','2019-11-01 07:57:37'),(46,4,16,'Dinah my dear! Let this be a person of authority among them, called out, \'Sit down, all of them bowed low. \'Would you tell me,\' said Alice, and sighing. \'It IS a Caucus-race?\' said Alice; \'it\'s laid.','1','2019-11-01 07:57:37','2019-11-01 07:57:37'),(47,1,32,'After a minute or two, and the poor little thing was snorting like a sky-rocket!\' \'So you did, old fellow!\' said the Mock Turtle is.\' \'It\'s the first day,\' said the Caterpillar seemed to be almost.','4','2019-11-01 07:57:37','2019-11-01 07:57:37'),(48,1,2,'I hadn\'t cried so much!\' Alas! it was indeed: she was exactly the right size again; and the moon, and memory, and muchness--you know you say \"What a pity!\"?\' the Rabbit in a great hurry. An enormous.','5','2019-11-01 07:57:37','2019-11-01 07:57:37'),(49,1,30,'He trusts to you to get in?\' she repeated, aloud. \'I shall sit here,\' the Footman continued in the middle of the trees under which she found it advisable--\"\' \'Found WHAT?\' said the Caterpillar.','1','2019-11-01 07:57:37','2019-11-01 07:57:37'),(50,2,2,'Mouse in the sand with wooden spades, then a great many more than nine feet high. \'Whoever lives there,\' thought Alice, \'or perhaps they won\'t walk the way of speaking to a lobster--\' (Alice began.','3','2019-11-01 07:57:37','2019-11-01 07:57:37'),(51,3,2,'Dormouse. \'Fourteenth of March, I think you\'d better ask HER about it.\' (The jury all wrote down all three to settle the question, and they walked off together. Alice laughed so much into the book.','2','2019-11-01 07:57:37','2019-11-01 07:57:37'),(52,1,12,'Alice; \'I daresay it\'s a very curious to know what to say but \'It belongs to the whiting,\' said the Queen, tossing her head pressing against the roof of the teacups as the White Rabbit cried out.','5','2019-11-01 07:57:37','2019-11-01 07:57:37'),(53,1,30,'And yet I wish you would seem to see a little bottle on it, for she was surprised to find it out, we should all have our heads cut off, you know. Come on!\' \'Everybody says \"come on!\" here,\' thought.','4','2019-11-01 07:57:37','2019-11-01 07:57:37'),(54,4,43,'YOUR temper!\' \'Hold your tongue, Ma!\' said the King, the Queen, \'and take this young lady tells us a story!\' said the Lory, with a deep sigh, \'I was a most extraordinary noise going on shrinking.','4','2019-11-01 07:57:37','2019-11-01 07:57:37'),(55,5,36,'I\'ve finished.\' So they sat down a good deal until she had finished, her sister sat still and said \'What else had you to get through the doorway; \'and even if I fell off the cake. * * * * * * * * *.','1','2019-11-01 07:57:37','2019-11-01 07:57:37'),(56,4,47,'Would not, could not think of nothing better to say \'I once tasted--\' but checked herself hastily, and said to herself, and once she remembered the number of bathing machines in the sea, \'and in.','4','2019-11-01 07:57:37','2019-11-01 07:57:37'),(57,4,21,'I am in the newspapers, at the Gryphon answered, very nearly getting up and bawled out, \"He\'s murdering the time! Off with his head!\"\' \'How dreadfully savage!\' exclaimed Alice. \'That\'s the most.','2','2019-11-01 07:57:37','2019-11-01 07:57:37'),(58,2,42,'The only things in the pool of tears which she found that it was all finished, the Owl, as a boon, Was kindly permitted to pocket the spoon: While the Duchess replied, in a louder tone. \'ARE you to.','1','2019-11-01 07:57:37','2019-11-01 07:57:37'),(59,1,21,'YOU must cross-examine the next witness.\' And he added looking angrily at the great puzzle!\' And she squeezed herself up on tiptoe, and peeped over the edge with each hand. \'And now which is which?\'.','1','2019-11-01 07:57:37','2019-11-01 07:57:37'),(60,3,11,'Eaglet, and several other curious creatures. Alice led the way, was the first figure,\' said the Dormouse, not choosing to notice this last remark, \'it\'s a vegetable. It doesn\'t look like it?\' he.','1','2019-11-01 07:57:37','2019-11-01 07:57:37'),(61,2,44,'Hatter: \'it\'s very easy to know your history, you know,\' said the Cat, \'a dog\'s not mad. You grant that?\' \'I suppose they are the jurors.\' She said this last remark that had a little startled when.','3','2019-11-01 07:57:37','2019-11-01 07:57:37'),(62,3,15,'I shall remember it in less than no time to be a comfort, one way--never to be almost out of that dark hall, and wander about among those beds of bright flowers and those cool fountains, but she got.','3','2019-11-01 07:57:37','2019-11-01 07:57:37'),(63,5,47,'Queen, \'and he shall tell you what year it is?\' \'Of course you know the way to change the subject,\' the March Hare said in a loud, indignant voice, but she heard a voice she had peeped into the.','5','2019-11-01 07:57:37','2019-11-01 07:57:37'),(64,2,42,'Duchess was sitting on a three-legged stool in the way to hear her try and repeat something now. Tell her to carry it further. So she set to work throwing everything within her reach at the Gryphon.','1','2019-11-01 07:57:37','2019-11-01 07:57:37'),(65,1,41,'And the Gryphon replied rather impatiently: \'any shrimp could have been was not going to begin lessons: you\'d only have to beat time when she was quite surprised to find that she was ready to sink.','5','2019-11-01 07:57:37','2019-11-01 07:57:37'),(66,1,12,'Duchess replied, in a louder tone. \'ARE you to get in?\' she repeated, aloud. \'I must be the right way of escape, and wondering what to uglify is, you see, as well as she could. \'The Dormouse is.','4','2019-11-01 07:57:37','2019-11-01 07:57:37'),(67,1,32,'Do you think I may as well as she spoke; \'either you or your head must be removed,\' said the Cat, \'a dog\'s not mad. You grant that?\' \'I suppose so,\' said the Mock Turtle yet?\' \'No,\' said Alice.','4','2019-11-01 07:57:37','2019-11-01 07:57:37'),(68,5,24,'Dormouse go on for some minutes. The Caterpillar was the first minute or two, she made out the verses on his spectacles and looked at Alice, as she swam lazily about in the air. \'--as far out to sea.','2','2019-11-01 07:57:37','2019-11-01 07:57:37'),(69,4,28,'Soup! Beau--ootiful Soo--oop! Soo--oop of the creature, but on second thoughts she decided on going into the loveliest garden you ever see you again, you dear old thing!\' said the Cat, as soon as it.','5','2019-11-01 07:57:37','2019-11-01 07:57:37'),(70,4,45,'AT ALL. Soup does very well to introduce it.\' \'I don\'t think it\'s at all a pity. I said \"What for?\"\' \'She boxed the Queen\'s ears--\' the Rabbit noticed Alice, as the Caterpillar sternly. \'Explain.','4','2019-11-01 07:57:37','2019-11-01 07:57:37'),(71,4,25,'','5','2019-11-01 07:57:37','2020-02-21 07:26:20'),(72,4,46,'Duchess, as she went on all the jurors had a little worried. \'Just about as she was talking. \'How CAN I have done just as the whole party look so grave that she still held the pieces of mushroom in.','1','2019-11-01 07:57:37','2019-11-01 07:57:37'),(73,4,49,'Alice. \'It must have imitated somebody else\'s hand,\' said the Queen. First came ten soldiers carrying clubs; these were all turning into little cakes as they all quarrel so dreadfully one can\'t hear.','4','2019-11-01 07:57:37','2019-11-01 07:57:37'),(74,1,41,'NOT marked \'poison,\' so Alice soon began talking to herself, for she had never done such a wretched height to be.\' \'It is a long tail, certainly,\' said Alice, in a natural way again. \'I wonder what.','5','2019-11-01 07:57:37','2019-11-01 07:57:37'),(75,2,23,'IT. It\'s HIM.\' \'I don\'t believe you do lessons?\' said Alice, and tried to fancy to cats if you want to see what this bottle does. I do wonder what you\'re talking about,\' said Alice. \'I\'m a--I\'m a--\'.','3','2019-11-01 07:57:37','2019-11-01 07:57:37'),(76,2,1,'Alice remarked. \'Oh, you foolish Alice!\' she answered herself. \'How can you learn lessons in here? Why, there\'s hardly enough of me left to make it stop. \'Well, I\'d hardly finished the goose, with.','4','2019-11-01 07:57:37','2019-11-01 07:57:37'),(77,2,12,'The Knave shook his head mournfully. \'Not I!\' he replied. \'We quarrelled last March--just before HE went mad, you know--\' She had already heard her voice close to her feet as the doubled-up soldiers.','5','2019-11-01 07:57:37','2019-11-01 07:57:37'),(78,4,4,'Alice thought), and it set to work throwing everything within her reach at the White Rabbit blew three blasts on the OUTSIDE.\' He unfolded the paper as he spoke, and the whole thing, and longed to.','2','2019-11-01 07:57:37','2019-11-01 07:57:37'),(79,2,39,'I can\'t take LESS,\' said the Dodo in an offended tone, \'was, that the reason and all that,\' said the Queen, \'and he shall tell you just now what the name of nearly everything there. \'That\'s the most.','5','2019-11-01 07:57:37','2019-11-01 07:57:37'),(80,4,20,'First, she dreamed of little cartwheels, and the little passage: and THEN--she found herself at last she spread out her hand, and a fall, and a crash of broken glass. \'What a pity it wouldn\'t stay!\'.','1','2019-11-01 07:57:37','2019-11-01 07:57:37'),(81,1,32,'Duchess: you\'d better leave off,\' said the Duchess; \'and the moral of THAT is--\"Take care of themselves.\"\' \'How fond she is only a child!\' The Queen had only one way up as the whole party look so.','1','2019-11-01 07:57:37','2019-11-01 07:57:37'),(82,2,32,'Alice sharply, for she had a little timidly, for she had caught the baby with some difficulty, as it is.\' \'I quite forgot how to get in?\' \'There might be some sense in your knocking,\' the Footman.','1','2019-11-01 07:57:37','2019-11-01 07:57:37'),(83,3,5,'Mouse. \'--I proceed. \"Edwin and Morcar, the earls of Mercia and Northumbria, declared for him: and even Stigand, the patriotic archbishop of Canterbury, found it advisable--\"\' \'Found WHAT?\' said the.','2','2019-11-01 07:57:37','2019-11-01 07:57:37'),(84,4,12,'Alice glanced rather anxiously at the proposal. \'Then the words \'DRINK ME\' beautifully printed on it except a tiny little thing!\' It did so indeed, and much sooner than she had found the fan and two.','4','2019-11-01 07:57:37','2019-11-01 07:57:37'),(85,4,12,'Alice thought to herself, \'I wish the creatures wouldn\'t be so easily offended, you know!\' The Mouse did not get hold of this remark, and thought it must be Mabel after all, and I had our Dinah.','5','2019-11-01 07:57:37','2019-11-01 07:57:37'),(86,1,40,'I don\'t want to go among mad people,\' Alice remarked. \'Right, as usual,\' said the others. \'Are their heads down and saying \"Come up again, dear!\" I shall have some fun now!\' thought Alice. \'I\'m glad.','1','2019-11-01 07:57:37','2019-11-01 07:57:37'),(87,4,46,'Take your choice!\' The Duchess took no notice of her hedgehog. The hedgehog was engaged in a moment. \'Let\'s go on with the grin, which remained some time in silence: at last it sat down in an.','5','2019-11-01 07:57:37','2019-11-01 07:57:37'),(88,2,32,'Alice ventured to taste it, and burning with curiosity, she ran off at once: one old Magpie began wrapping itself up and said, \'So you think you might catch a bat, and that\'s all I can reach the.','3','2019-11-01 07:57:37','2019-11-01 07:57:37'),(89,5,14,'King in a great hurry to change the subject. \'Ten hours the first to break the silence. \'What day of the house down!\' said the Rabbit\'s little white kid gloves: she took courage, and went on at.','2','2019-11-01 07:57:37','2019-11-01 07:57:37'),(90,1,29,'I will prosecute YOU.--Come, I\'ll take no denial; We must have imitated somebody else\'s hand,\' said the Cat, \'if you don\'t even know what they\'re like.\' \'I believe so,\' Alice replied very politely.','3','2019-11-01 07:57:37','2019-11-01 07:57:37'),(91,3,17,'Queen, tossing her head through the doorway; \'and even if I was, I shouldn\'t like THAT!\' \'Oh, you can\'t be Mabel, for I know all the right thing to nurse--and she\'s such a noise inside, no one else.','1','2019-11-01 07:57:37','2019-11-01 07:57:37'),(92,3,7,'IS that to be nothing but a pack of cards: the Knave of Hearts, he stole those tarts, And took them quite away!\' \'Consider your verdict,\' the King said to herself, as she could not make out who I.','1','2019-11-01 07:57:37','2019-11-01 07:57:37'),(93,3,12,'EVER happen in a moment to be seen: she found her way out. \'I shall sit here,\' the Footman went on eagerly: \'There is such a thing before, and behind them a new kind of rule, \'and vinegar that makes.','1','2019-11-01 07:57:37','2019-11-01 07:57:37'),(94,2,15,'Mock Turtle said with a yelp of delight, which changed into alarm in another moment, splash! she was shrinking rapidly; so she helped herself to some tea and bread-and-butter, and went in. The door.','5','2019-11-01 07:57:37','2019-11-01 07:57:37'),(95,5,49,'Ann! Mary Ann!\' said the Cat, as soon as look at me like a sky-rocket!\' \'So you did, old fellow!\' said the Knave, \'I didn\'t write it, and they all cheered. Alice thought this must ever be A secret.','4','2019-11-01 07:57:37','2019-11-01 07:57:37'),(96,1,23,'I shall fall right THROUGH the earth! How funny it\'ll seem to encourage the witness at all: he kept shifting from one of the party were placed along the passage into the teapot. \'At any rate I\'ll.','2','2019-11-01 07:57:37','2019-11-01 07:57:37'),(97,5,38,'By the time when I grow at a king,\' said Alice. \'Did you speak?\' \'Not I!\' said the Duchess. \'I make you grow taller, and the White Rabbit. She was a very interesting dance to watch,\' said Alice, as.','5','2019-11-01 07:57:37','2019-11-01 07:57:37'),(98,2,45,'You see, she came up to the table for it, he was gone, and the White Rabbit, trotting slowly back to the shore, and then dipped suddenly down, so suddenly that Alice could see, when she caught it.','2','2019-11-01 07:57:37','2019-11-01 07:57:37'),(99,3,38,'Alice\'s shoulder, and it was certainly too much frightened to say it any longer than that,\' said Alice. The King laid his hand upon her arm, with its wings. \'Serpent!\' screamed the Pigeon. \'I can.','5','2019-11-01 07:57:37','2019-11-01 07:57:37'),(100,4,35,'I can\'t put it in her hands, and was just saying to herself in a dreamy sort of present!\' thought Alice. \'I don\'t know of any that do,\' Alice said very politely, \'if I had to ask any more HERE.\'.','3','2019-11-01 07:57:37','2019-11-01 07:57:37');
/*!40000 ALTER TABLE `comment_ratings` ENABLE KEYS */;
UNLOCK TABLES;

--
-- Table structure for table `image_products`
--

DROP TABLE IF EXISTS `image_products`;
/*!40101 SET @saved_cs_client     = @@character_set_client */;
/*!40101 SET character_set_client = utf8 */;
CREATE TABLE `image_products` (
  `id` int(10) unsigned NOT NULL AUTO_INCREMENT,
  `product_id` int(10) unsigned NOT NULL,
  `path` varchar(255) COLLATE utf8mb4_unicode_ci NOT NULL,
  `del_flg` int(10) unsigned NOT NULL,
  `created_at` timestamp NULL DEFAULT NULL,
  `updated_at` timestamp NULL DEFAULT NULL,
  PRIMARY KEY (`id`),
  KEY `image_products_product_id_foreign` (`product_id`),
  CONSTRAINT `image_products_product_id_foreign` FOREIGN KEY (`product_id`) REFERENCES `products` (`id`)
) ENGINE=InnoDB AUTO_INCREMENT=301 DEFAULT CHARSET=utf8mb4 COLLATE=utf8mb4_unicode_ci;
/*!40101 SET character_set_client = @saved_cs_client */;

--
-- Dumping data for table `image_products`
--

LOCK TABLES `image_products` WRITE;
/*!40000 ALTER TABLE `image_products` DISABLE KEYS */;
INSERT INTO `image_products` VALUES (1,1,'/upload/imgDetailProduct/iphone1.jpg',0,NULL,NULL),(2,1,'/upload/imgDetailProduct/iphone2.jpg',0,NULL,NULL),(3,1,'/upload/imgDetailProduct/iphone3.jpg',0,NULL,NULL),(4,2,'/upload/imgDetailProduct/iphone1.jpg',0,NULL,NULL),(5,2,'/upload/imgDetailProduct/iphone2.jpg',0,NULL,NULL),(6,2,'/upload/imgDetailProduct/iphone3.jpg',0,NULL,NULL),(7,3,'/upload/imgDetailProduct/beat1.jpg',0,NULL,NULL),(8,3,'/upload/imgDetailProduct/beat2.jpg',0,NULL,NULL),(9,3,'/upload/imgDetailProduct/beat3.jpg',0,NULL,NULL),(10,4,'/upload/imgDetailProduct/beat1.jpg',0,NULL,NULL),(11,4,'/upload/imgDetailProduct/beat2.jpg',0,NULL,NULL),(12,4,'/upload/imgDetailProduct/beat3.jpg',0,NULL,NULL),(13,5,'/upload/imgDetailProduct/zenphone1.jpg',0,NULL,NULL),(14,5,'/upload/imgDetailProduct/zenphone2.jpg',0,NULL,NULL),(15,5,'/upload/imgDetailProduct/zenphone3.jpg',0,NULL,NULL),(16,6,'/upload/imgDetailProduct/zenphone1.jpg',0,NULL,NULL),(17,6,'/upload/imgDetailProduct/zenphone2.jpg',0,NULL,NULL),(18,6,'/upload/imgDetailProduct/zenphone3.jpg',0,NULL,NULL),(19,7,'/upload/imgDetailProduct/zenphone1.jpg',0,NULL,NULL),(20,7,'/upload/imgDetailProduct/zenphone2.jpg',0,NULL,NULL),(21,7,'/upload/imgDetailProduct/zenphone3.jpg',0,NULL,NULL),(22,8,'/upload/imgDetailProduct/lenovo1.jpg',0,NULL,NULL),(23,8,'/upload/imgDetailProduct/lenovo2.jpg',0,NULL,NULL),(24,8,'/upload/imgDetailProduct/lenovo3.jpg',0,NULL,NULL),(25,9,'/upload/imgDetailProduct/zenphone1.jpg',0,NULL,NULL),(26,9,'/upload/imgDetailProduct/zenphone2.jpg',0,NULL,NULL),(27,9,'/upload/imgDetailProduct/zenphone3.jpg',0,NULL,NULL),(28,10,'/upload/imgDetailProduct/hp1.jpg',0,NULL,NULL),(29,10,'/upload/imgDetailProduct/hp2.jpg',0,NULL,NULL),(30,10,'/upload/imgDetailProduct/hp3.jpg',0,NULL,NULL),(31,11,'/upload/imgDetailProduct/dell1.jpg',0,NULL,NULL),(32,11,'/upload/imgDetailProduct/dell2.jpg',0,NULL,NULL),(33,11,'/upload/imgDetailProduct/dell3.jpg',0,NULL,NULL),(34,12,'/upload/imgDetailProduct/hp1.jpg',0,NULL,NULL),(35,12,'/upload/imgDetailProduct/hp2.jpg',0,NULL,NULL),(36,12,'/upload/imgDetailProduct/hp3.jpg',0,NULL,NULL),(37,13,'/upload/imgDetailProduct/asus1.jpg',0,NULL,NULL),(38,13,'/upload/imgDetailProduct/asus2.jpg',0,NULL,NULL),(39,13,'/upload/imgDetailProduct/asus3.jpg',0,NULL,NULL),(40,14,'/upload/imgDetailProduct/dell1.jpg',0,NULL,NULL),(41,14,'/upload/imgDetailProduct/dell2.jpg',0,NULL,NULL),(42,14,'/upload/imgDetailProduct/dell3.jpg',0,NULL,NULL),(43,15,'/upload/imgDetailProduct/nikon1.jpg',0,NULL,NULL),(44,15,'/upload/imgDetailProduct/nikon2.jpg',0,NULL,NULL),(45,15,'/upload/imgDetailProduct/nikon3.jpg',0,NULL,NULL),(46,16,'/upload/imgDetailProduct/samsung1.jpg',0,NULL,NULL),(47,16,'/upload/imgDetailProduct/samsung2.jpg',0,NULL,NULL),(48,16,'/upload/imgDetailProduct/samsung3.jpg',0,NULL,NULL),(49,17,'/upload/imgDetailProduct/iphone1.jpg',0,NULL,NULL),(50,17,'/upload/imgDetailProduct/iphone2.jpg',0,NULL,NULL),(51,17,'/upload/imgDetailProduct/iphone3.jpg',0,NULL,NULL),(52,18,'/upload/imgDetailProduct/nikon1.jpg',0,NULL,NULL),(53,18,'/upload/imgDetailProduct/nikon2.jpg',0,NULL,NULL),(54,18,'/upload/imgDetailProduct/nikon3.jpg',0,NULL,NULL),(55,19,'/upload/imgDetailProduct/zenphone1.jpg',0,NULL,NULL),(56,19,'/upload/imgDetailProduct/zenphone2.jpg',0,NULL,NULL),(57,19,'/upload/imgDetailProduct/zenphone3.jpg',0,NULL,NULL),(58,20,'/upload/imgDetailProduct/samsung1.jpg',0,NULL,NULL),(59,20,'/upload/imgDetailProduct/samsung2.jpg',0,NULL,NULL),(60,20,'/upload/imgDetailProduct/samsung3.jpg',0,NULL,NULL),(61,21,'/upload/imgDetailProduct/iphone1.jpg',0,NULL,NULL),(62,21,'/upload/imgDetailProduct/iphone2.jpg',0,NULL,NULL),(63,21,'/upload/imgDetailProduct/iphone3.jpg',0,NULL,NULL),(64,22,'/upload/imgDetailProduct/nikon1.jpg',0,NULL,NULL),(65,22,'/upload/imgDetailProduct/nikon2.jpg',0,NULL,NULL),(66,22,'/upload/imgDetailProduct/nikon3.jpg',0,NULL,NULL),(67,23,'/upload/imgDetailProduct/hp1.jpg',0,NULL,NULL),(68,23,'/upload/imgDetailProduct/hp2.jpg',0,NULL,NULL),(69,23,'/upload/imgDetailProduct/hp3.jpg',0,NULL,NULL),(70,24,'/upload/imgDetailProduct/asus1.jpg',0,NULL,NULL),(71,24,'/upload/imgDetailProduct/asus2.jpg',0,NULL,NULL),(72,24,'/upload/imgDetailProduct/asus3.jpg',0,NULL,NULL),(73,25,'/upload/imgDetailProduct/zenphone1.jpg',0,NULL,NULL),(74,25,'/upload/imgDetailProduct/zenphone2.jpg',0,NULL,NULL),(75,25,'/upload/imgDetailProduct/zenphone3.jpg',0,NULL,NULL),(76,26,'/upload/imgDetailProduct/hp1.jpg',0,NULL,NULL),(77,26,'/upload/imgDetailProduct/hp2.jpg',0,NULL,NULL),(78,26,'/upload/imgDetailProduct/hp3.jpg',0,NULL,NULL),(79,27,'/upload/imgDetailProduct/lenovo1.jpg',0,NULL,NULL),(80,27,'/upload/imgDetailProduct/lenovo2.jpg',0,NULL,NULL),(81,27,'/upload/imgDetailProduct/lenovo3.jpg',0,NULL,NULL),(82,28,'/upload/imgDetailProduct/hp1.jpg',0,NULL,NULL),(83,28,'/upload/imgDetailProduct/hp2.jpg',0,NULL,NULL),(84,28,'/upload/imgDetailProduct/hp3.jpg',0,NULL,NULL),(85,29,'/upload/imgDetailProduct/beat1.jpg',0,NULL,NULL),(86,29,'/upload/imgDetailProduct/beat2.jpg',0,NULL,NULL),(87,29,'/upload/imgDetailProduct/beat3.jpg',0,NULL,NULL),(88,30,'/upload/imgDetailProduct/lenovo1.jpg',0,NULL,NULL),(89,30,'/upload/imgDetailProduct/lenovo2.jpg',0,NULL,NULL),(90,30,'/upload/imgDetailProduct/lenovo3.jpg',0,NULL,NULL),(91,31,'/upload/imgDetailProduct/beat1.jpg',0,NULL,NULL),(92,31,'/upload/imgDetailProduct/beat2.jpg',0,NULL,NULL),(93,31,'/upload/imgDetailProduct/beat3.jpg',0,NULL,NULL),(94,32,'/upload/imgDetailProduct/samsung1.jpg',0,NULL,NULL),(95,32,'/upload/imgDetailProduct/samsung2.jpg',0,NULL,NULL),(96,32,'/upload/imgDetailProduct/samsung3.jpg',0,NULL,NULL),(97,33,'/upload/imgDetailProduct/samsung1.jpg',0,NULL,NULL),(98,33,'/upload/imgDetailProduct/samsung2.jpg',0,NULL,NULL),(99,33,'/upload/imgDetailProduct/samsung3.jpg',0,NULL,NULL),(100,34,'/upload/imgDetailProduct/dell1.jpg',0,NULL,NULL),(101,34,'/upload/imgDetailProduct/dell2.jpg',0,NULL,NULL),(102,34,'/upload/imgDetailProduct/dell3.jpg',0,NULL,NULL),(103,35,'/upload/imgDetailProduct/asus1.jpg',0,NULL,NULL),(104,35,'/upload/imgDetailProduct/asus2.jpg',0,NULL,NULL),(105,35,'/upload/imgDetailProduct/asus3.jpg',0,NULL,NULL),(106,36,'/upload/imgDetailProduct/beat1.jpg',0,NULL,NULL),(107,36,'/upload/imgDetailProduct/beat2.jpg',0,NULL,NULL),(108,36,'/upload/imgDetailProduct/beat3.jpg',0,NULL,NULL),(109,37,'/upload/imgDetailProduct/beat1.jpg',0,NULL,NULL),(110,37,'/upload/imgDetailProduct/beat2.jpg',0,NULL,NULL),(111,37,'/upload/imgDetailProduct/beat3.jpg',0,NULL,NULL),(112,38,'/upload/imgDetailProduct/dell1.jpg',0,NULL,NULL),(113,38,'/upload/imgDetailProduct/dell2.jpg',0,NULL,NULL),(114,38,'/upload/imgDetailProduct/dell3.jpg',0,NULL,NULL),(115,39,'/upload/imgDetailProduct/lenovo1.jpg',0,NULL,NULL),(116,39,'/upload/imgDetailProduct/lenovo2.jpg',0,NULL,NULL),(117,39,'/upload/imgDetailProduct/lenovo3.jpg',0,NULL,NULL),(118,40,'/upload/imgDetailProduct/beat1.jpg',0,NULL,NULL),(119,40,'/upload/imgDetailProduct/beat2.jpg',0,NULL,NULL),(120,40,'/upload/imgDetailProduct/beat3.jpg',0,NULL,NULL),(121,41,'/upload/imgDetailProduct/asus1.jpg',0,NULL,NULL),(122,41,'/upload/imgDetailProduct/asus2.jpg',0,NULL,NULL),(123,41,'/upload/imgDetailProduct/asus3.jpg',0,NULL,NULL),(124,42,'/upload/imgDetailProduct/hp1.jpg',0,NULL,NULL),(125,42,'/upload/imgDetailProduct/hp2.jpg',0,NULL,NULL),(126,42,'/upload/imgDetailProduct/hp3.jpg',0,NULL,NULL),(127,43,'/upload/imgDetailProduct/lenovo1.jpg',0,NULL,NULL),(128,43,'/upload/imgDetailProduct/lenovo2.jpg',0,NULL,NULL),(129,43,'/upload/imgDetailProduct/lenovo3.jpg',0,NULL,NULL),(130,44,'/upload/imgDetailProduct/nikon1.jpg',0,NULL,NULL),(131,44,'/upload/imgDetailProduct/nikon2.jpg',0,NULL,NULL),(132,44,'/upload/imgDetailProduct/nikon3.jpg',0,NULL,NULL),(133,45,'/upload/imgDetailProduct/dell1.jpg',0,NULL,NULL),(134,45,'/upload/imgDetailProduct/dell2.jpg',0,NULL,NULL),(135,45,'/upload/imgDetailProduct/dell3.jpg',0,NULL,NULL),(136,46,'/upload/imgDetailProduct/hp1.jpg',0,NULL,NULL),(137,46,'/upload/imgDetailProduct/hp2.jpg',0,NULL,NULL),(138,46,'/upload/imgDetailProduct/hp3.jpg',0,NULL,NULL),(139,47,'/upload/imgDetailProduct/iphone1.jpg',0,NULL,NULL),(140,47,'/upload/imgDetailProduct/iphone2.jpg',0,NULL,NULL),(141,47,'/upload/imgDetailProduct/iphone3.jpg',0,NULL,NULL),(142,48,'/upload/imgDetailProduct/dell1.jpg',0,NULL,NULL),(143,48,'/upload/imgDetailProduct/dell2.jpg',0,NULL,NULL),(144,48,'/upload/imgDetailProduct/dell3.jpg',0,NULL,NULL),(145,49,'/upload/imgDetailProduct/iphone1.jpg',0,NULL,NULL),(146,49,'/upload/imgDetailProduct/iphone2.jpg',0,NULL,NULL),(147,49,'/upload/imgDetailProduct/iphone3.jpg',0,NULL,NULL),(148,50,'/upload/imgDetailProduct/lenovo1.jpg',0,NULL,NULL),(149,50,'/upload/imgDetailProduct/lenovo2.jpg',0,NULL,NULL),(150,50,'/upload/imgDetailProduct/lenovo3.jpg',0,NULL,NULL),(151,1,'/upload/imgDetailProduct/iphone1.jpg',0,NULL,NULL),(152,1,'/upload/imgDetailProduct/iphone2.jpg',0,NULL,NULL),(153,1,'/upload/imgDetailProduct/iphone3.jpg',0,NULL,NULL),(154,2,'/upload/imgDetailProduct/iphone1.jpg',0,NULL,NULL),(155,2,'/upload/imgDetailProduct/iphone2.jpg',0,NULL,NULL),(156,2,'/upload/imgDetailProduct/iphone3.jpg',0,NULL,NULL),(157,3,'/upload/imgDetailProduct/beat1.jpg',0,NULL,NULL),(158,3,'/upload/imgDetailProduct/beat2.jpg',0,NULL,NULL),(159,3,'/upload/imgDetailProduct/beat3.jpg',0,NULL,NULL),(160,4,'/upload/imgDetailProduct/beat1.jpg',0,NULL,NULL),(161,4,'/upload/imgDetailProduct/beat2.jpg',0,NULL,NULL),(162,4,'/upload/imgDetailProduct/beat3.jpg',0,NULL,NULL),(163,5,'/upload/imgDetailProduct/zenphone1.jpg',0,NULL,NULL),(164,5,'/upload/imgDetailProduct/zenphone2.jpg',0,NULL,NULL),(165,5,'/upload/imgDetailProduct/zenphone3.jpg',0,NULL,NULL),(166,6,'/upload/imgDetailProduct/zenphone1.jpg',0,NULL,NULL),(167,6,'/upload/imgDetailProduct/zenphone2.jpg',0,NULL,NULL),(168,6,'/upload/imgDetailProduct/zenphone3.jpg',0,NULL,NULL),(169,7,'/upload/imgDetailProduct/zenphone1.jpg',0,NULL,NULL),(170,7,'/upload/imgDetailProduct/zenphone2.jpg',0,NULL,NULL),(171,7,'/upload/imgDetailProduct/zenphone3.jpg',0,NULL,NULL),(172,8,'/upload/imgDetailProduct/lenovo1.jpg',0,NULL,NULL),(173,8,'/upload/imgDetailProduct/lenovo2.jpg',0,NULL,NULL),(174,8,'/upload/imgDetailProduct/lenovo3.jpg',0,NULL,NULL),(175,9,'/upload/imgDetailProduct/zenphone1.jpg',0,NULL,NULL),(176,9,'/upload/imgDetailProduct/zenphone2.jpg',0,NULL,NULL),(177,9,'/upload/imgDetailProduct/zenphone3.jpg',0,NULL,NULL),(178,10,'/upload/imgDetailProduct/hp1.jpg',0,NULL,NULL),(179,10,'/upload/imgDetailProduct/hp2.jpg',0,NULL,NULL),(180,10,'/upload/imgDetailProduct/hp3.jpg',0,NULL,NULL),(181,11,'/upload/imgDetailProduct/dell1.jpg',0,NULL,NULL),(182,11,'/upload/imgDetailProduct/dell2.jpg',0,NULL,NULL),(183,11,'/upload/imgDetailProduct/dell3.jpg',0,NULL,NULL),(184,12,'/upload/imgDetailProduct/hp1.jpg',0,NULL,NULL),(185,12,'/upload/imgDetailProduct/hp2.jpg',0,NULL,NULL),(186,12,'/upload/imgDetailProduct/hp3.jpg',0,NULL,NULL),(187,13,'/upload/imgDetailProduct/asus1.jpg',0,NULL,NULL),(188,13,'/upload/imgDetailProduct/asus2.jpg',0,NULL,NULL),(189,13,'/upload/imgDetailProduct/asus3.jpg',0,NULL,NULL),(190,14,'/upload/imgDetailProduct/dell1.jpg',0,NULL,NULL),(191,14,'/upload/imgDetailProduct/dell2.jpg',0,NULL,NULL),(192,14,'/upload/imgDetailProduct/dell3.jpg',0,NULL,NULL),(193,15,'/upload/imgDetailProduct/nikon1.jpg',0,NULL,NULL),(194,15,'/upload/imgDetailProduct/nikon2.jpg',0,NULL,NULL),(195,15,'/upload/imgDetailProduct/nikon3.jpg',0,NULL,NULL),(196,16,'/upload/imgDetailProduct/samsung1.jpg',0,NULL,NULL),(197,16,'/upload/imgDetailProduct/samsung2.jpg',0,NULL,NULL),(198,16,'/upload/imgDetailProduct/samsung3.jpg',0,NULL,NULL),(199,17,'/upload/imgDetailProduct/iphone1.jpg',0,NULL,NULL),(200,17,'/upload/imgDetailProduct/iphone2.jpg',0,NULL,NULL),(201,17,'/upload/imgDetailProduct/iphone3.jpg',0,NULL,NULL),(202,18,'/upload/imgDetailProduct/nikon1.jpg',0,NULL,NULL),(203,18,'/upload/imgDetailProduct/nikon2.jpg',0,NULL,NULL),(204,18,'/upload/imgDetailProduct/nikon3.jpg',0,NULL,NULL),(205,19,'/upload/imgDetailProduct/zenphone1.jpg',0,NULL,NULL),(206,19,'/upload/imgDetailProduct/zenphone2.jpg',0,NULL,NULL),(207,19,'/upload/imgDetailProduct/zenphone3.jpg',0,NULL,NULL),(208,20,'/upload/imgDetailProduct/samsung1.jpg',0,NULL,NULL),(209,20,'/upload/imgDetailProduct/samsung2.jpg',0,NULL,NULL),(210,20,'/upload/imgDetailProduct/samsung3.jpg',0,NULL,NULL),(211,21,'/upload/imgDetailProduct/iphone1.jpg',0,NULL,NULL),(212,21,'/upload/imgDetailProduct/iphone2.jpg',0,NULL,NULL),(213,21,'/upload/imgDetailProduct/iphone3.jpg',0,NULL,NULL),(214,22,'/upload/imgDetailProduct/nikon1.jpg',0,NULL,NULL),(215,22,'/upload/imgDetailProduct/nikon2.jpg',0,NULL,NULL),(216,22,'/upload/imgDetailProduct/nikon3.jpg',0,NULL,NULL),(217,23,'/upload/imgDetailProduct/hp1.jpg',0,NULL,NULL),(218,23,'/upload/imgDetailProduct/hp2.jpg',0,NULL,NULL),(219,23,'/upload/imgDetailProduct/hp3.jpg',0,NULL,NULL),(220,24,'/upload/imgDetailProduct/asus1.jpg',0,NULL,NULL),(221,24,'/upload/imgDetailProduct/asus2.jpg',0,NULL,NULL),(222,24,'/upload/imgDetailProduct/asus3.jpg',0,NULL,NULL),(223,25,'/upload/imgDetailProduct/zenphone1.jpg',0,NULL,NULL),(224,25,'/upload/imgDetailProduct/zenphone2.jpg',0,NULL,NULL),(225,25,'/upload/imgDetailProduct/zenphone3.jpg',0,NULL,NULL),(226,26,'/upload/imgDetailProduct/hp1.jpg',0,NULL,NULL),(227,26,'/upload/imgDetailProduct/hp2.jpg',0,NULL,NULL),(228,26,'/upload/imgDetailProduct/hp3.jpg',0,NULL,NULL),(229,27,'/upload/imgDetailProduct/lenovo1.jpg',0,NULL,NULL),(230,27,'/upload/imgDetailProduct/lenovo2.jpg',0,NULL,NULL),(231,27,'/upload/imgDetailProduct/lenovo3.jpg',0,NULL,NULL),(232,28,'/upload/imgDetailProduct/hp1.jpg',0,NULL,NULL),(233,28,'/upload/imgDetailProduct/hp2.jpg',0,NULL,NULL),(234,28,'/upload/imgDetailProduct/hp3.jpg',0,NULL,NULL),(235,29,'/upload/imgDetailProduct/beat1.jpg',0,NULL,NULL),(236,29,'/upload/imgDetailProduct/beat2.jpg',0,NULL,NULL),(237,29,'/upload/imgDetailProduct/beat3.jpg',0,NULL,NULL),(238,30,'/upload/imgDetailProduct/lenovo1.jpg',0,NULL,NULL),(239,30,'/upload/imgDetailProduct/lenovo2.jpg',0,NULL,NULL),(240,30,'/upload/imgDetailProduct/lenovo3.jpg',0,NULL,NULL),(241,31,'/upload/imgDetailProduct/beat1.jpg',0,NULL,NULL),(242,31,'/upload/imgDetailProduct/beat2.jpg',0,NULL,NULL),(243,31,'/upload/imgDetailProduct/beat3.jpg',0,NULL,NULL),(244,32,'/upload/imgDetailProduct/samsung1.jpg',0,NULL,NULL),(245,32,'/upload/imgDetailProduct/samsung2.jpg',0,NULL,NULL),(246,32,'/upload/imgDetailProduct/samsung3.jpg',0,NULL,NULL),(247,33,'/upload/imgDetailProduct/samsung1.jpg',0,NULL,NULL),(248,33,'/upload/imgDetailProduct/samsung2.jpg',0,NULL,NULL),(249,33,'/upload/imgDetailProduct/samsung3.jpg',0,NULL,NULL),(250,34,'/upload/imgDetailProduct/dell1.jpg',0,NULL,NULL),(251,34,'/upload/imgDetailProduct/dell2.jpg',0,NULL,NULL),(252,34,'/upload/imgDetailProduct/dell3.jpg',0,NULL,NULL),(253,35,'/upload/imgDetailProduct/asus1.jpg',0,NULL,NULL),(254,35,'/upload/imgDetailProduct/asus2.jpg',0,NULL,NULL),(255,35,'/upload/imgDetailProduct/asus3.jpg',0,NULL,NULL),(256,36,'/upload/imgDetailProduct/beat1.jpg',0,NULL,NULL),(257,36,'/upload/imgDetailProduct/beat2.jpg',0,NULL,NULL),(258,36,'/upload/imgDetailProduct/beat3.jpg',0,NULL,NULL),(259,37,'/upload/imgDetailProduct/beat1.jpg',0,NULL,NULL),(260,37,'/upload/imgDetailProduct/beat2.jpg',0,NULL,NULL),(261,37,'/upload/imgDetailProduct/beat3.jpg',0,NULL,NULL),(262,38,'/upload/imgDetailProduct/dell1.jpg',0,NULL,NULL),(263,38,'/upload/imgDetailProduct/dell2.jpg',0,NULL,NULL),(264,38,'/upload/imgDetailProduct/dell3.jpg',0,NULL,NULL),(265,39,'/upload/imgDetailProduct/lenovo1.jpg',0,NULL,NULL),(266,39,'/upload/imgDetailProduct/lenovo2.jpg',0,NULL,NULL),(267,39,'/upload/imgDetailProduct/lenovo3.jpg',0,NULL,NULL),(268,40,'/upload/imgDetailProduct/beat1.jpg',0,NULL,NULL),(269,40,'/upload/imgDetailProduct/beat2.jpg',0,NULL,NULL),(270,40,'/upload/imgDetailProduct/beat3.jpg',0,NULL,NULL),(271,41,'/upload/imgDetailProduct/asus1.jpg',0,NULL,NULL),(272,41,'/upload/imgDetailProduct/asus2.jpg',0,NULL,NULL),(273,41,'/upload/imgDetailProduct/asus3.jpg',0,NULL,NULL),(274,42,'/upload/imgDetailProduct/hp1.jpg',0,NULL,NULL),(275,42,'/upload/imgDetailProduct/hp2.jpg',0,NULL,NULL),(276,42,'/upload/imgDetailProduct/hp3.jpg',0,NULL,NULL),(277,43,'/upload/imgDetailProduct/lenovo1.jpg',0,NULL,NULL),(278,43,'/upload/imgDetailProduct/lenovo2.jpg',0,NULL,NULL),(279,43,'/upload/imgDetailProduct/lenovo3.jpg',0,NULL,NULL),(280,44,'/upload/imgDetailProduct/nikon1.jpg',0,NULL,NULL),(281,44,'/upload/imgDetailProduct/nikon2.jpg',0,NULL,NULL),(282,44,'/upload/imgDetailProduct/nikon3.jpg',0,NULL,NULL),(283,45,'/upload/imgDetailProduct/dell1.jpg',0,NULL,NULL),(284,45,'/upload/imgDetailProduct/dell2.jpg',0,NULL,NULL),(285,45,'/upload/imgDetailProduct/dell3.jpg',0,NULL,NULL),(286,46,'/upload/imgDetailProduct/hp1.jpg',0,NULL,NULL),(287,46,'/upload/imgDetailProduct/hp2.jpg',0,NULL,NULL),(288,46,'/upload/imgDetailProduct/hp3.jpg',0,NULL,NULL),(289,47,'/upload/imgDetailProduct/iphone1.jpg',0,NULL,NULL),(290,47,'/upload/imgDetailProduct/iphone2.jpg',0,NULL,NULL),(291,47,'/upload/imgDetailProduct/iphone3.jpg',0,NULL,NULL),(292,48,'/upload/imgDetailProduct/dell1.jpg',0,NULL,NULL),(293,48,'/upload/imgDetailProduct/dell2.jpg',0,NULL,NULL),(294,48,'/upload/imgDetailProduct/dell3.jpg',0,NULL,NULL),(295,49,'/upload/imgDetailProduct/iphone1.jpg',0,NULL,NULL),(296,49,'/upload/imgDetailProduct/iphone2.jpg',0,NULL,NULL),(297,49,'/upload/imgDetailProduct/iphone3.jpg',0,NULL,NULL),(298,50,'/upload/imgDetailProduct/lenovo1.jpg',0,NULL,NULL),(299,50,'/upload/imgDetailProduct/lenovo2.jpg',0,NULL,NULL),(300,50,'/upload/imgDetailProduct/lenovo3.jpg',0,NULL,NULL);
/*!40000 ALTER TABLE `image_products` ENABLE KEYS */;
UNLOCK TABLES;

--
-- Table structure for table `migrations`
--

DROP TABLE IF EXISTS `migrations`;
/*!40101 SET @saved_cs_client     = @@character_set_client */;
/*!40101 SET character_set_client = utf8 */;
CREATE TABLE `migrations` (
  `id` int(10) unsigned NOT NULL AUTO_INCREMENT,
  `migration` varchar(255) COLLATE utf8mb4_unicode_ci NOT NULL,
  `batch` int(11) NOT NULL,
  PRIMARY KEY (`id`)
) ENGINE=InnoDB AUTO_INCREMENT=31 DEFAULT CHARSET=utf8mb4 COLLATE=utf8mb4_unicode_ci;
/*!40101 SET character_set_client = @saved_cs_client */;

--
-- Dumping data for table `migrations`
--

LOCK TABLES `migrations` WRITE;
/*!40000 ALTER TABLE `migrations` DISABLE KEYS */;
INSERT INTO `migrations` VALUES (22,'2018_11_23_065238_create_categories_table',1),(23,'2018_11_23_065440_create_products_table',1),(24,'2018_11_23_065547_create_users_table',1),(25,'2018_11_23_065615_create_orders_table',1),(26,'2018_11_23_065635_create_order_items_table',1),(27,'2018_11_24_161113_create_comment_ratings_table',1),(28,'2018_12_23_110045_create_carts_table',1),(29,'2018_12_23_110201_create_image_products_table',1),(30,'2018_12_23_110412_create_cart_details_table',1);
/*!40000 ALTER TABLE `migrations` ENABLE KEYS */;
UNLOCK TABLES;

--
-- Table structure for table `order_items`
--

DROP TABLE IF EXISTS `order_items`;
/*!40101 SET @saved_cs_client     = @@character_set_client */;
/*!40101 SET character_set_client = utf8 */;
CREATE TABLE `order_items` (
  `id` int(10) unsigned NOT NULL AUTO_INCREMENT,
  `order_id` int(10) unsigned NOT NULL,
  `product_id` int(10) unsigned NOT NULL,
  `quantity` int(11) NOT NULL,
  `price` decimal(8,2) NOT NULL,
  `total` decimal(8,2) NOT NULL,
  `created_at` timestamp NULL DEFAULT NULL,
  `updated_at` timestamp NULL DEFAULT NULL,
  PRIMARY KEY (`id`),
  KEY `order_items_order_id_foreign` (`order_id`),
  KEY `order_items_product_id_foreign` (`product_id`),
  CONSTRAINT `order_items_order_id_foreign` FOREIGN KEY (`order_id`) REFERENCES `orders` (`id`),
  CONSTRAINT `order_items_product_id_foreign` FOREIGN KEY (`product_id`) REFERENCES `products` (`id`)
) ENGINE=InnoDB AUTO_INCREMENT=51 DEFAULT CHARSET=utf8mb4 COLLATE=utf8mb4_unicode_ci;
/*!40101 SET character_set_client = @saved_cs_client */;

--
-- Dumping data for table `order_items`
--

LOCK TABLES `order_items` WRITE;
/*!40000 ALTER TABLE `order_items` DISABLE KEYS */;
INSERT INTO `order_items` VALUES (1,17,1,19,36.00,514.00,'2019-11-01 07:57:37','2019-11-01 07:57:37'),(2,5,20,20,30.00,625.00,'2019-11-01 07:57:37','2019-11-01 07:57:37'),(3,6,9,16,93.00,555.00,'2019-11-01 07:57:37','2019-11-01 07:57:37'),(4,16,26,10,50.00,534.00,'2019-11-01 07:57:37','2019-11-01 07:57:37'),(5,11,4,20,36.00,539.00,'2019-11-01 07:57:37','2019-11-01 07:57:37'),(6,18,28,20,50.00,561.00,'2019-11-01 07:57:37','2019-11-01 07:57:37'),(7,20,15,11,71.00,684.00,'2019-11-01 07:57:37','2019-11-01 07:57:37'),(8,9,41,19,16.00,557.00,'2019-11-01 07:57:37','2019-11-01 07:57:37'),(9,19,10,11,78.00,518.00,'2019-11-01 07:57:37','2019-11-01 07:57:37'),(10,20,20,18,80.00,603.00,'2019-11-01 07:57:37','2019-11-01 07:57:37'),(11,4,22,19,90.00,651.00,'2019-11-01 07:57:37','2019-11-01 07:57:37'),(12,12,39,19,75.00,585.00,'2019-11-01 07:57:37','2019-11-01 07:57:37'),(13,7,27,12,17.00,633.00,'2019-11-01 07:57:37','2019-11-01 07:57:37'),(14,13,1,11,0.00,620.00,'2019-11-01 07:57:37','2019-11-01 07:57:37'),(15,13,37,19,61.00,656.00,'2019-11-01 07:57:37','2019-11-01 07:57:37'),(16,12,18,16,77.00,505.00,'2019-11-01 07:57:37','2019-11-01 07:57:37'),(17,20,17,20,2.00,638.00,'2019-11-01 07:57:37','2019-11-01 07:57:37'),(18,5,49,20,10.00,650.00,'2019-11-01 07:57:37','2019-11-01 07:57:37'),(19,13,44,13,79.00,606.00,'2019-11-01 07:57:37','2019-11-01 07:57:37'),(20,5,15,19,3.00,567.00,'2019-11-01 07:57:37','2019-11-01 07:57:37'),(21,4,28,15,74.00,528.00,'2019-11-01 07:57:37','2019-11-01 07:57:37'),(22,5,21,16,28.00,592.00,'2019-11-01 07:57:37','2019-11-01 07:57:37'),(23,18,8,11,2.00,698.00,'2019-11-01 07:57:37','2019-11-01 07:57:37'),(24,19,11,18,58.00,525.00,'2019-11-01 07:57:37','2019-11-01 07:57:37'),(25,15,42,11,6.00,607.00,'2019-11-01 07:57:37','2019-11-01 07:57:37'),(26,11,6,13,95.00,536.00,'2019-11-01 07:57:37','2019-11-01 07:57:37'),(27,9,50,12,5.00,539.00,'2019-11-01 07:57:37','2019-11-01 07:57:37'),(28,1,26,12,95.00,664.00,'2019-11-01 07:57:37','2019-11-01 07:57:37'),(29,14,27,15,66.00,630.00,'2019-11-01 07:57:37','2019-11-01 07:57:37'),(30,17,46,13,58.00,625.00,'2019-11-01 07:57:37','2019-11-01 07:57:37'),(31,6,42,10,40.00,579.00,'2019-11-01 07:57:37','2019-11-01 07:57:37'),(32,17,25,19,43.00,550.00,'2019-11-01 07:57:37','2019-11-01 07:57:37'),(33,18,28,12,32.00,650.00,'2019-11-01 07:57:37','2019-11-01 07:57:37'),(34,9,41,14,79.00,667.00,'2019-11-01 07:57:37','2019-11-01 07:57:37'),(35,4,38,12,66.00,533.00,'2019-11-01 07:57:37','2019-11-01 07:57:37'),(36,11,48,20,50.00,612.00,'2019-11-01 07:57:37','2019-11-01 07:57:37'),(37,11,5,10,58.00,581.00,'2019-11-01 07:57:37','2019-11-01 07:57:37'),(38,9,4,10,60.00,540.00,'2019-11-01 07:57:37','2019-11-01 07:57:37'),(39,7,34,10,26.00,579.00,'2019-11-01 07:57:37','2019-11-01 07:57:37'),(40,18,17,11,39.00,651.00,'2019-11-01 07:57:37','2019-11-01 07:57:37'),(41,14,17,13,23.00,654.00,'2019-11-01 07:57:37','2019-11-01 07:57:37'),(42,7,47,16,61.00,501.00,'2019-11-01 07:57:37','2019-11-01 07:57:37'),(43,5,41,20,42.00,689.00,'2019-11-01 07:57:37','2019-11-01 07:57:37'),(44,7,40,14,84.00,697.00,'2019-11-01 07:57:37','2019-11-01 07:57:37'),(45,4,18,19,75.00,500.00,'2019-11-01 07:57:37','2019-11-01 07:57:37'),(46,8,6,11,88.00,634.00,'2019-11-01 07:57:37','2019-11-01 07:57:37'),(47,12,1,13,63.00,518.00,'2019-11-01 07:57:37','2019-11-01 07:57:37'),(48,4,27,14,27.00,507.00,'2019-11-01 07:57:37','2019-11-01 07:57:37'),(49,20,13,14,6.00,502.00,'2019-11-01 07:57:37','2019-11-01 07:57:37'),(50,6,20,10,43.00,620.00,'2019-11-01 07:57:37','2019-11-01 07:57:37');
/*!40000 ALTER TABLE `order_items` ENABLE KEYS */;
UNLOCK TABLES;

--
-- Table structure for table `orders`
--

DROP TABLE IF EXISTS `orders`;
/*!40101 SET @saved_cs_client     = @@character_set_client */;
/*!40101 SET character_set_client = utf8 */;
CREATE TABLE `orders` (
  `id` int(10) unsigned NOT NULL AUTO_INCREMENT,
  `user_id` int(10) unsigned DEFAULT NULL,
  `code_order` varchar(255) COLLATE utf8mb4_unicode_ci NOT NULL,
  `total` decimal(8,2) NOT NULL,
  `status` tinyint(1) NOT NULL,
  `order_name` varchar(255) COLLATE utf8mb4_unicode_ci NOT NULL,
  `order_address` varchar(255) COLLATE utf8mb4_unicode_ci NOT NULL,
  `order_phone` varchar(255) COLLATE utf8mb4_unicode_ci NOT NULL,
  `created_at` timestamp NULL DEFAULT NULL,
  `updated_at` timestamp NULL DEFAULT NULL,
  PRIMARY KEY (`id`),
  KEY `orders_user_id_foreign` (`user_id`),
  CONSTRAINT `orders_user_id_foreign` FOREIGN KEY (`user_id`) REFERENCES `users` (`id`)
) ENGINE=InnoDB AUTO_INCREMENT=21 DEFAULT CHARSET=utf8mb4 COLLATE=utf8mb4_unicode_ci;
/*!40101 SET character_set_client = @saved_cs_client */;

--
-- Dumping data for table `orders`
--

LOCK TABLES `orders` WRITE;
/*!40000 ALTER TABLE `orders` DISABLE KEYS */;
INSERT INTO `orders` VALUES (1,2,'374459394247049',1526.00,1,'Meagan Lakin','Suite 095','642-665-0594 x630','2019-11-01 07:57:37','2019-11-01 07:57:37'),(2,3,'4916043910461370',1347.00,1,'Joaquin Medhurst I','Suite 191','914-742-5174 x5953','2019-11-01 07:57:37','2019-11-01 07:57:37'),(3,4,'4485138895244360',1025.00,0,'Ana Kub','Apt. 123','687-825-9168 x389','2019-11-01 07:57:37','2019-11-01 07:57:37'),(4,2,'4539280343950226',1336.00,1,'Prof. Danielle Kshlerin','Apt. 027','+1-278-340-3218','2019-11-01 07:57:37','2019-11-01 07:57:37'),(5,1,'4539378197876933',1944.00,1,'Prof. Guillermo Welch Sr.','Suite 927','+1 (217) 765-1879','2019-11-01 07:57:37','2019-11-01 07:57:37'),(6,2,'4556527943640096',1161.00,1,'Krista Hagenes','Apt. 140','318-396-1566','2019-11-01 07:57:37','2019-11-01 07:57:37'),(7,2,'4916913029097655',1485.00,0,'Katarina Bode MD','Suite 198','304-756-9353','2019-11-01 07:57:37','2019-11-01 07:57:37'),(8,4,'5397316909961674',1486.00,1,'Shanny Krajcik','Apt. 342','1-830-764-9646','2019-11-01 07:57:37','2019-11-01 07:57:37'),(9,2,'372593134378789',1718.00,1,'Dr. Mckenzie Ruecker III','Suite 865','1-937-323-2436','2019-11-01 07:57:37','2019-11-01 07:57:37'),(10,1,'6011212449819288',1239.00,0,'Audie Johns','Apt. 626','+19422431316','2019-11-01 07:57:37','2019-11-01 07:57:37'),(11,2,'5260569777046853',1520.00,1,'Mr. Sigrid Bradtke','Apt. 717','841-965-5117 x04155','2019-11-01 07:57:37','2019-11-01 07:57:37'),(12,2,'4556846363916',1522.00,1,'Woodrow Doyle','Apt. 373','+15859846028','2019-11-01 07:57:37','2019-11-01 07:57:37'),(13,3,'2335837241105011',1347.00,1,'Prof. Bethany Yost','Suite 036','1-361-215-8202 x17832','2019-11-01 07:57:37','2019-11-01 07:57:37'),(14,2,'5145107541649800',1912.00,1,'Pat Stiedemann','Suite 175','789-839-9769 x44724','2019-11-01 07:57:37','2019-11-01 07:57:37'),(15,1,'4483707005310279',1591.00,0,'Dr. Andres McLaughlin','Suite 699','(871) 469-6724','2019-11-01 07:57:37','2019-11-01 07:57:37'),(16,1,'4539019787475',1884.00,0,'Mr. Muhammad Ondricka IV','Suite 945','676-513-4287','2019-11-01 07:57:37','2019-11-01 07:57:37'),(17,5,'2558609830000196',1297.00,1,'Blanca Casper','Apt. 199','+1-276-685-1546','2019-11-01 07:57:37','2019-11-01 07:57:37'),(18,5,'4929090590346',1167.00,0,'Abelardo Marvin','Apt. 699','916-721-9610 x890','2019-11-01 07:57:37','2019-11-01 07:57:37'),(19,1,'378425238704970',1727.00,0,'Henry Gleason','Suite 531','1-580-772-3190 x40816','2019-11-01 07:57:37','2019-11-01 07:57:37'),(20,3,'2436544950596178',1696.00,0,'Prof. Dino Harvey IV','Apt. 618','1-580-508-3885','2019-11-01 07:57:37','2019-11-01 07:57:37');
/*!40000 ALTER TABLE `orders` ENABLE KEYS */;
UNLOCK TABLES;

--
-- Table structure for table `products`
--

DROP TABLE IF EXISTS `products`;
/*!40101 SET @saved_cs_client     = @@character_set_client */;
/*!40101 SET character_set_client = utf8 */;
CREATE TABLE `products` (
  `id` int(10) unsigned NOT NULL AUTO_INCREMENT,
  `category_id` int(10) unsigned NOT NULL,
  `name` varchar(255) COLLATE utf8mb4_unicode_ci NOT NULL,
  `description` text COLLATE utf8mb4_unicode_ci NOT NULL,
  `content` text COLLATE utf8mb4_unicode_ci NOT NULL,
  `price` decimal(8,2) NOT NULL,
  `picture` varchar(255) COLLATE utf8mb4_unicode_ci NOT NULL,
  `sale` int(10) unsigned DEFAULT '0',
  `new` tinyint(1) DEFAULT '0',
  `top_selling` tinyint(1) DEFAULT '0',
  `rating` varchar(255) COLLATE utf8mb4_unicode_ci DEFAULT NULL,
  `unit` varchar(255) COLLATE utf8mb4_unicode_ci NOT NULL,
  `created_at` timestamp NULL DEFAULT NULL,
  `updated_at` timestamp NULL DEFAULT NULL,
  PRIMARY KEY (`id`),
  KEY `products_category_id_foreign` (`category_id`),
  CONSTRAINT `products_category_id_foreign` FOREIGN KEY (`category_id`) REFERENCES `categories` (`id`)
) ENGINE=InnoDB AUTO_INCREMENT=51 DEFAULT CHARSET=utf8mb4 COLLATE=utf8mb4_unicode_ci;
/*!40101 SET character_set_client = @saved_cs_client */;

--
-- Dumping data for table `products`
--

LOCK TABLES `products` WRITE;
/*!40000 ALTER TABLE `products` DISABLE KEYS */;
INSERT INTO `products` VALUES (1,12,'Iphone 5','<p>Libero velit ipsam deleniti. Nihil debitis quibusdam rerum sint consequatur vel reiciendis. Voluptatibus ipsam qui aut minima. Consequatur quo dignissimos et sunt odit reprehenderit.</p>','<p>A libero est dolorem exercitationem. Omnis illum aut velit sint. Unde consequatur eos beatae veniam suscipit et et perspiciatis. Incidunt consequuntur id laboriosam cum. Eligendi earum vel eius hic provident sint. Omnis quia minus perferendis quas enim. Voluptatem quia illo aut sapiente dicta asperiores. Ratione maxime est veritatis nisi nobis veritatis consectetur. Autem numquam esse consequuntur odio ipsam cumque. Officiis placeat quasi corporis nemo qui non. Ipsam quia vel et.</p>\r\n\r\n<p><img alt=\"\" src=\"http://localhost/shop_project/public/upload/imgDetailProduct/iphone1.jpg\" style=\"height:400px; width:400px\" /></p>\r\n\r\n<p>Quod saepe dignissimos voluptas. Cumque sapiente dolorem perspiciatis rerum. Et voluptas ut esse sed possimus. Qui temporibus fugit nostrum architecto unde qui. Reiciendis provident doloribus sed sunt. Officia fugiat rerum rerum debitis fugit voluptatem. Ducimus quia aut in. Omnis voluptatem qui aut consequatur exercitationem. Illum adipisci et consectetur occaecati. Est impedit consequatur consequuntur quia et perspiciatis ipsam.</p>\r\n\r\n<p><img alt=\"\" src=\"http://localhost/shop_project/public/upload/imgDetailProduct/iphone2.jpg\" style=\"height:400px; width:400px\" /></p>\r\n\r\n<p>Assumenda laudantium animi non sed. Omnis minima nesciunt ut et accusantium temporibus ratione. Unde aut quaerat et rerum numquam aut qui. Dolor atque eum illum deserunt aut. Nostrum deserunt amet qui debitis voluptas praesentium voluptatem. Voluptatem qui necessitatibus sunt facere asperiores omnis quia. Repellat aut dolorum et aut sunt temporibus. Officia expedita optio dolores. Ex eius quia et ipsa cumque quaerat. Delectus laboriosam cum ad aut fugit omnis. Quis ullam animi eius.</p>\r\n\r\n<p><img alt=\"\" src=\"http://localhost/shop_project/public/upload/imgDetailProduct/iphone3.jpg\" style=\"height:400px; width:400px\" /></p>',831.00,'/upload/avatarProduct/smartphone-iphone.jpg',10,NULL,NULL,'2.5','8','2019-11-01 07:57:36','2020-02-24 04:47:35'),(2,8,'Iphone 4','Ducimus et quis assumenda quis. Omnis commodi sed voluptatem. Vel excepturi praesentium ullam ab aliquam possimus. At non porro ea numquam non quisquam animi.','Voluptas enim voluptatum deleniti voluptatem mollitia odio. Quia minus doloribus ullam beatae voluptatem soluta minima. Voluptatem beatae iure ut esse asperiores nihil. Ea debitis veniam alias impedit saepe cupiditate excepturi repudiandae. Eveniet et fuga alias reiciendis et sed. Veniam consequuntur iure perferendis. Vitae aperiam et architecto pariatur et. Quae a sunt earum doloremque illo. Quo similique hic qui qui. Ipsam illo ipsam corporis eos et.<p><img alt=\"\" src=\"http://localhost/shop_project/public/upload/imgDetailProduct/iphone1.jpg\" style=\"height:400px; width:400px\" /></p>Recusandae sapiente illum voluptatem reiciendis ipsum enim tenetur ut. Et est eius velit molestiae voluptatem maxime voluptas. Reiciendis illo sed aut autem recusandae consequatur modi. Ad ut repellendus voluptatum soluta. Hic sunt saepe neque nam. Magni et laboriosam impedit quia quo sit rerum. Eos quis nisi nihil aut perspiciatis possimus earum. Enim quia recusandae quisquam quis dolorem ut.<p><img alt=\"\" src=\"http://localhost/shop_project/public/upload/imgDetailProduct/iphone2.jpg\" style=\"height:400px; width:400px\" /></p>Unde voluptatum et culpa dolores rerum aut. Labore et tempore amet. Quae optio aut corrupti et est quaerat. Optio aut labore autem quia amet ipsam aut. Quas aut eos repellat saepe. Doloremque amet praesentium quis cupiditate rerum. Eos et eius necessitatibus consequatur voluptatem impedit. Ut quibusdam qui hic aut doloribus exercitationem.<p><img alt=\"\" src=\"http://localhost/shop_project/public/upload/imgDetailProduct/iphone3.jpg\" style=\"height:400px; width:400px\" /></p>',558.00,'/upload/avatarProduct/smartphone-iphone.jpg',20,0,0,'3.3333333333333335','6','2019-11-01 07:57:36','2019-11-01 07:57:38'),(3,12,'Beats 173','Rerum laudantium qui sint voluptas. Tenetur et ea saepe non. Quis corrupti exercitationem vel dolore nihil culpa.','Molestiae sequi odit perferendis. Possimus sed voluptate et cumque repellendus qui tempore dignissimos. Amet beatae veritatis tenetur. Sit facere rem esse maiores omnis esse sint. Architecto pariatur hic quia et maiores asperiores rem voluptas. Molestiae rerum sunt sed et iure accusantium cumque. Magni necessitatibus animi ipsa ducimus eveniet aut.<p><img alt=\"\" src=\"http://localhost/shop_project/public/upload/imgDetailProduct/beat1.jpg\" style=\"height:400px; width:400px\" /></p>Et quod magni consequuntur numquam ipsa. Impedit modi cupiditate dignissimos sit. Inventore consequatur blanditiis rerum quia earum hic sint. Earum quia corrupti in ut ut voluptatem itaque pariatur. Laboriosam tempore praesentium et voluptas velit. Nulla quia libero deleniti. Ut esse doloribus nostrum. Et odit et unde est qui numquam dolore quis. Aspernatur omnis perspiciatis nihil facere autem. Voluptas ex aut qui molestias.<p><img alt=\"\" src=\"http://localhost/shop_project/public/upload/imgDetailProduct/beat2.jpg\" style=\"height:400px; width:400px\" /></p>Facere sit dolorem iusto sint adipisci nihil. Quidem aut adipisci id ut perspiciatis eligendi dicta. Cum minus nobis consequatur praesentium. Assumenda veniam voluptas saepe ea enim. Et maiores ut quod sed qui molestiae ea. Maxime sint ea labore doloremque possimus. Qui officiis fugiat totam aut et delectus.<p><img alt=\"\" src=\"http://localhost/shop_project/public/upload/imgDetailProduct/beat3.jpg\" style=\"height:400px; width:400px\" /></p>',553.00,'/upload/avatarProduct/headphone.jpg',20,0,0,'2.5','5','2019-11-01 07:57:36','2019-11-01 07:57:38'),(4,12,'Beats 749','Odio quia magnam voluptatem ut eos distinctio. Ut eos doloremque soluta voluptatem laborum inventore. Omnis quia in exercitationem iure omnis sit aspernatur.','Consectetur asperiores et fuga ea aliquam nihil. Provident nisi ipsa soluta accusamus. Vel velit minus sint nihil rerum omnis. Provident praesentium non molestiae ex. Aut sed est quia libero. Quia et dignissimos deleniti magni natus reiciendis in. Et qui numquam architecto. Modi quo nostrum accusantium. Qui nisi odit quia eos consequatur est. Distinctio quisquam aut sed vel dolores et aliquid. Aut id soluta placeat voluptatem saepe aut nulla. Minima veniam sapiente voluptatem fugiat.<p><img alt=\"\" src=\"http://localhost/shop_project/public/upload/imgDetailProduct/beat1.jpg\" style=\"height:400px; width:400px\" /></p>Voluptas sint nostrum provident. Itaque at qui praesentium consectetur maxime porro id. Voluptatem beatae dolor quia sit. Quisquam ut qui enim delectus ad id. Et sed vitae iure maxime quos sed ut. Animi porro illum accusamus debitis sequi. Cum sunt et rem perferendis explicabo excepturi. Iusto est quia non. Est vel voluptate fugiat consequuntur quam.<p><img alt=\"\" src=\"http://localhost/shop_project/public/upload/imgDetailProduct/beat2.jpg\" style=\"height:400px; width:400px\" /></p>Quia voluptate sunt incidunt explicabo voluptatem eius. Est earum quia nulla perferendis. Velit optio et autem rem. Vitae at veniam et nisi enim quidem esse. Omnis labore ipsam tempora mollitia error aut ipsam numquam. Aperiam et excepturi quis eius soluta. Suscipit harum vero recusandae. Veritatis officia illum laboriosam consequatur numquam.<p><img alt=\"\" src=\"http://localhost/shop_project/public/upload/imgDetailProduct/beat3.jpg\" style=\"height:400px; width:400px\" /></p>',589.00,'/upload/avatarProduct/headphone.jpg',20,1,1,'2','8','2019-11-01 07:57:36','2019-11-01 07:57:38'),(5,10,'Zenphone 7','Voluptatem quia vero ullam occaecati sed eveniet fugit. Harum similique quia dolor magni nihil. Assumenda voluptatem et suscipit laboriosam. Tenetur pariatur sed commodi.','Deleniti minima rerum est suscipit. Eveniet repellat ut numquam qui iusto maiores. Dolorum reiciendis qui deserunt natus in. Quo impedit rem sed similique enim earum qui et. Optio soluta distinctio praesentium est pariatur. Odio nulla quia ad consequatur. Sapiente ea quos voluptas quia. Qui ut consequatur illum in quos saepe ut. Iste sapiente nihil cum vitae cum. Facilis expedita sunt culpa sit dolore. Earum ab maxime explicabo.<p><img alt=\"\" src=\"http://localhost/shop_project/public/upload/imgDetailProduct/zenphone1.jpg\" style=\"height:400px; width:400px\" /></p>Aut quia natus odit non et. Quam tempore tenetur recusandae accusamus. Modi consequatur inventore deleniti exercitationem tempore cum. Id tempore error eligendi. Quo ipsam alias aliquid perferendis atque dolores. Voluptate dolores asperiores ad nisi provident. Sequi repellendus qui est repellat maiores iste. Ea ab quis sed neque. Distinctio voluptatem occaecati non illo amet cumque et. Eius impedit eum distinctio maxime velit molestiae voluptas rerum. Asperiores velit commodi aliquid.<p><img alt=\"\" src=\"http://localhost/shop_project/public/upload/imgDetailProduct/zenphone2.jpg\" style=\"height:400px; width:400px\" /></p>Voluptas repudiandae et nemo ex non aliquid quidem. Et quos atque excepturi ducimus. Ut accusamus natus rerum velit. Sed nihil voluptatibus autem voluptatibus exercitationem omnis recusandae cumque. Voluptates nostrum porro hic fugit voluptas. Incidunt sed deserunt suscipit a dolores sed. Beatae unde id et perferendis voluptatem voluptate possimus. Aliquid explicabo aliquid voluptas. Iure velit et doloremque et. Natus earum aperiam quas cum ut suscipit et.<p><img alt=\"\" src=\"http://localhost/shop_project/public/upload/imgDetailProduct/zenphone3.jpg\" style=\"height:400px; width:400px\" /></p>',687.00,'/upload/avatarProduct/smartphone-asus.jpg',20,1,1,'3.5','6','2019-11-01 07:57:36','2019-11-01 07:57:38'),(6,10,'Zenphone 0','Dolores sint veritatis sapiente totam. Sequi quasi dolor culpa. Ea libero aperiam velit perspiciatis qui. Tempora quo non libero sint sint accusantium. Numquam at facere repudiandae suscipit.','Autem quo ratione est totam itaque nihil. Corrupti possimus iure tempore quos eum vel. Laboriosam libero possimus ad. Molestiae ut nulla dolor eaque ut asperiores similique. Nihil quibusdam ducimus sint sit sed. Necessitatibus qui quo ea nobis rerum aut. Ut maxime perferendis qui. Excepturi vel dicta culpa aspernatur quia eos. Est deserunt voluptate aperiam aut. Vel delectus enim pariatur atque enim. Qui eaque ducimus odio et.<p><img alt=\"\" src=\"http://localhost/shop_project/public/upload/imgDetailProduct/zenphone1.jpg\" style=\"height:400px; width:400px\" /></p>Voluptate tenetur nulla et omnis et tempore temporibus alias. Accusantium eum provident repellendus atque et quia. Saepe corporis doloremque accusantium provident dicta temporibus. Unde quam sint voluptate ut est dolor quis. Nemo id minus corporis ullam voluptatem. Nesciunt illo nisi nesciunt tempore consequuntur illum aut.<p><img alt=\"\" src=\"http://localhost/shop_project/public/upload/imgDetailProduct/zenphone2.jpg\" style=\"height:400px; width:400px\" /></p>Beatae voluptatem est minima sint saepe. Ducimus aut nihil qui officiis ipsum quis quasi. Error placeat molestiae temporibus fugit quo. Voluptatibus molestias cum veritatis voluptatem. Esse et vel quibusdam voluptatem facilis itaque. Veritatis sit provident officia officiis debitis iste labore. Ut quis dolor commodi saepe. Incidunt ut neque excepturi. Quibusdam ipsum porro eos est. Nihil repellendus at nam excepturi vero.<p><img alt=\"\" src=\"http://localhost/shop_project/public/upload/imgDetailProduct/zenphone3.jpg\" style=\"height:400px; width:400px\" /></p>',646.00,'/upload/avatarProduct/smartphone-asus.jpg',0,0,0,'0','9','2019-11-01 07:57:36','2019-11-01 07:57:36'),(7,10,'Zenphone 4','Sit ipsum quia laborum quis qui alias. Maxime adipisci labore porro est ipsam. Facilis iste sit autem eligendi mollitia.','Rerum accusamus vitae reprehenderit at et quos. Aut quam qui voluptatum totam nemo. Impedit expedita debitis quod aut. Veniam minus vitae molestiae dolorem asperiores. Ut saepe aut dolores vero. Velit ab beatae molestiae consectetur a tenetur. Id dicta ad cumque rerum. Ut cum id ratione commodi. Fugit ullam sed explicabo fugit eum eligendi molestiae rerum. Nihil asperiores laboriosam itaque et laudantium omnis.<p><img alt=\"\" src=\"http://localhost/shop_project/public/upload/imgDetailProduct/zenphone1.jpg\" style=\"height:400px; width:400px\" /></p>Voluptatum et itaque perspiciatis molestiae. Aut aliquid officiis nihil sunt laboriosam. Ipsam perferendis eaque ad perspiciatis. Rerum vitae quia est ipsa commodi hic. Aut culpa qui autem autem. Ducimus velit quae vel architecto et. Aut error voluptas earum beatae quis. Illo labore vel quis accusamus recusandae facere. Ad dolorem nisi eum blanditiis quasi repellat. Et porro explicabo impedit sunt qui. Eligendi molestiae nulla aut ea ut.<p><img alt=\"\" src=\"http://localhost/shop_project/public/upload/imgDetailProduct/zenphone2.jpg\" style=\"height:400px; width:400px\" /></p>Commodi et adipisci cupiditate. Qui non ex ut magni dicta. Ipsum similique quia exercitationem voluptatem voluptates inventore quasi. Dolor odit veritatis tempora voluptatem. Qui sapiente eaque nisi voluptatum provident itaque. Molestias aspernatur at enim sed qui voluptatem qui.<p><img alt=\"\" src=\"http://localhost/shop_project/public/upload/imgDetailProduct/zenphone3.jpg\" style=\"height:400px; width:400px\" /></p>',604.00,'/upload/avatarProduct/smartphone-asus.jpg',0,1,0,'3.3333333333333335','5','2019-11-01 07:57:36','2019-11-01 07:57:38'),(8,7,'Lenovo Thinkpad 929','Dolorem architecto earum error tempore eum quis. Maiores corporis quisquam in a. Et nisi quam et est.','Quia quasi quibusdam consectetur ut ad aperiam ut. Ullam ab ipsum culpa accusamus delectus aut. Nulla cum quia at numquam. Maiores blanditiis ut sed aspernatur. Fuga et minima totam. Amet ratione tenetur ratione. Et nihil eligendi molestias natus error maxime. Voluptatem illum inventore nemo id aliquam asperiores eaque ut.<p><img alt=\"\" src=\"http://localhost/shop_project/public/upload/imgDetailProduct/lenovo1.jpg\" style=\"height:400px; width:400px\" /></p>Iusto et doloribus totam sunt voluptas velit. Dolores ratione sunt quas est excepturi eum repudiandae. Quia enim aut et aperiam. Perferendis qui quisquam deleniti sequi aut. Expedita saepe nemo est nobis culpa incidunt et. Harum impedit repudiandae sapiente tempore. Quos earum qui officiis et provident. Est maiores occaecati doloribus nobis fugiat ut dolor. Iure exercitationem sit minus eum laborum.<p><img alt=\"\" src=\"http://localhost/shop_project/public/upload/imgDetailProduct/lenovo2.jpg\" style=\"height:400px; width:400px\" /></p>Minima dignissimos deserunt ab magnam. Est in animi atque odit porro. Rerum ipsum sit debitis nobis rerum accusantium voluptatem doloremque. Vel aut et ut libero consectetur ipsa debitis est. Soluta consequatur illum nemo. Ut voluptatum quia dignissimos iste modi fuga eveniet quia. Provident ad vero suscipit. Qui in fugiat qui rerum.<p><img alt=\"\" src=\"http://localhost/shop_project/public/upload/imgDetailProduct/lenovo3.jpg\" style=\"height:400px; width:400px\" /></p>',814.00,'/upload/avatarProduct/laptop-lenovo.jpg',20,1,1,'3','7','2019-11-01 07:57:36','2019-11-01 07:57:38'),(9,10,'Zenphone 1','Enim amet dolores qui. Architecto nisi sint ea similique reprehenderit corrupti cupiditate. Non accusamus illo sint voluptatem. Vel vel necessitatibus ad molestiae ut vel.','Ipsa itaque corrupti soluta explicabo amet asperiores. Ratione quo sit ullam quos sequi consequatur facilis. Occaecati rerum quas quia rerum laboriosam. Aut tempore inventore eum cupiditate et. Vero praesentium dolor vel cum qui doloremque. Veritatis quia modi minus vero et exercitationem. Qui ut enim et nihil. Eum quasi quisquam possimus quo error. Est nihil repellendus iusto mollitia dolores consequatur et.<p><img alt=\"\" src=\"http://localhost/shop_project/public/upload/imgDetailProduct/zenphone1.jpg\" style=\"height:400px; width:400px\" /></p>Et voluptate ea repellendus quo ducimus. Quia quod et optio. Dolores nemo est minus. Non iure et ab et nobis nisi. Sequi minus ipsum ipsum tempore. Consectetur voluptatibus delectus reprehenderit neque eum quia. Officiis expedita eos voluptatibus consequuntur. Qui qui voluptas tempore eos illo fugiat.<p><img alt=\"\" src=\"http://localhost/shop_project/public/upload/imgDetailProduct/zenphone2.jpg\" style=\"height:400px; width:400px\" /></p>Iste molestiae vero quos hic laudantium. Similique itaque officiis ea blanditiis est aspernatur. Eum rem in accusantium perferendis sunt dolorum facere. Odio recusandae neque dolorem voluptate officiis. Porro magni earum aut laudantium possimus exercitationem. Odio quae in laudantium illum nihil corrupti aut facere. Repellendus aut porro incidunt et.<p><img alt=\"\" src=\"http://localhost/shop_project/public/upload/imgDetailProduct/zenphone3.jpg\" style=\"height:400px; width:400px\" /></p>',791.00,'/upload/avatarProduct/smartphone-asus.jpg',20,0,0,'4','4','2019-11-01 07:57:36','2019-11-01 07:57:38'),(10,6,'HP Probook 630','In sapiente quisquam quis non ut minus delectus eum. Minus ad voluptates repudiandae eum odio libero non. Animi iure et aut impedit quod nostrum natus. Dolor repudiandae est illum quaerat.','Eveniet amet odit eius aut illum. Non saepe distinctio nam esse harum harum sunt cumque. Doloribus velit nihil quia totam. Ut inventore saepe ut ipsum ducimus animi. Aut minus possimus distinctio cumque provident. Asperiores beatae quia voluptatem tempore perferendis.<p><img alt=\"\" src=\"http://localhost/shop_project/public/upload/imgDetailProduct/hp1.jpg\" style=\"height:400px; width:400px\" /></p>Aspernatur aut quam quia qui provident. Enim vel totam vel aut quo eaque provident. Accusamus sed et explicabo fugit. Odit architecto libero maxime nam totam. Et ea reiciendis animi velit rem. Voluptatem quasi dolor quia. Qui aliquid est ut commodi. Sequi aspernatur ex minus. Neque similique consequatur velit reiciendis magni officiis consectetur. Dolores veniam eligendi dicta. Eos nemo earum sed corrupti numquam consequuntur. Natus rerum a et et.<p><img alt=\"\" src=\"http://localhost/shop_project/public/upload/imgDetailProduct/hp2.jpg\" style=\"height:400px; width:400px\" /></p>Consequatur est dolorem quasi harum iste dolorem laborum. Voluptate sunt repellendus et fugiat amet natus iusto. Voluptate error quibusdam possimus minus aut quia iure. Officiis laudantium totam eaque ut eveniet. Ullam nemo sapiente rerum optio iusto. Ex est voluptatem commodi vitae dolores. Aspernatur tempora ab quia beatae nesciunt dignissimos accusantium rerum. Aliquid doloribus qui quam sit quia sunt iste.<p><img alt=\"\" src=\"http://localhost/shop_project/public/upload/imgDetailProduct/hp3.jpg\" style=\"height:400px; width:400px\" /></p>',500.00,'/upload/avatarProduct/laptop-hp.jpg',20,0,0,'0','3','2019-11-01 07:57:36','2019-11-01 07:57:36'),(11,5,'Dell Inspiron 799','Ullam sit est assumenda qui. Qui et eos aut maxime aspernatur consequatur. Quasi voluptatem alias autem rerum possimus.','Qui est explicabo omnis corporis architecto beatae. At est nostrum sit itaque quidem dolor qui. Sunt minima cupiditate perferendis voluptates aut atque eos dolore. Reiciendis quisquam soluta id odio voluptatem quo nihil autem. Et sint dolore aut saepe. Id incidunt ipsa officiis ad recusandae debitis. Mollitia sapiente incidunt dolor consequatur ex officia. Veritatis et doloribus dicta consequatur qui.<p><img alt=\"\" src=\"http://localhost/shop_project/public/upload/imgDetailProduct/dell1.jpg\" style=\"height:400px; width:400px\" /></p>Omnis aperiam deleniti consequatur est nostrum dolor ut. Ipsam qui in et asperiores facilis qui ad. Esse et ut sunt ullam voluptas id facilis. Doloremque quaerat sed quia recusandae. Et a laborum illo et officiis. Rerum corrupti et aperiam dolores nihil iusto voluptas architecto. Repellat voluptatem quo iste sint. Et culpa molestiae debitis dolores quia fugiat temporibus. Doloremque aut vero nihil dicta. Impedit tempore eos sapiente aut.<p><img alt=\"\" src=\"http://localhost/shop_project/public/upload/imgDetailProduct/dell2.jpg\" style=\"height:400px; width:400px\" /></p>Omnis quaerat consequuntur aut magni quaerat eos. Provident vel a nobis est accusantium architecto enim aliquam. Quasi a ea sunt nesciunt sequi. Voluptas quia fugit aperiam perspiciatis. Necessitatibus dolor qui consequatur reprehenderit dolor. Odit vero totam aliquid natus sapiente nemo. Sint quisquam nobis sit quam asperiores qui est placeat. Praesentium tempora consequatur similique delectus vel.<p><img alt=\"\" src=\"http://localhost/shop_project/public/upload/imgDetailProduct/dell3.jpg\" style=\"height:400px; width:400px\" /></p>',535.00,'/upload/avatarProduct/laptop-dell.jpg',0,0,1,'3.6666666666666665','6','2019-11-01 07:57:36','2019-11-01 07:57:38'),(12,6,'HP Probook 023','Omnis eum excepturi inventore sit. Et quam ut dolorem atque amet. Ducimus molestias occaecati illo assumenda quam. Maxime voluptatem at quo magnam. Non et quis ullam eligendi quibusdam.','Nemo asperiores vel et cum ut quasi et sed. Quia iusto dolor voluptatem quis. Et consectetur quia facilis qui expedita. Facere consequatur hic quasi sed est tempore. Et et facilis ut occaecati sequi iste aut. Nulla quod dolores voluptatem fugit et esse amet quod. Eveniet deleniti sint illum. Sit nemo voluptatem laboriosam. Omnis ipsam ea commodi autem autem quia dolores.<p><img alt=\"\" src=\"http://localhost/shop_project/public/upload/imgDetailProduct/hp1.jpg\" style=\"height:400px; width:400px\" /></p>Aliquam commodi aliquid quod nemo ducimus possimus. Harum eum hic officiis quis repudiandae. Nihil minima enim sit ex. Aut aut debitis fugit consequatur rerum odit. Eius explicabo provident reprehenderit esse cumque recusandae. Dignissimos delectus fuga aut. Dignissimos omnis mollitia recusandae officiis architecto quisquam sed. Eum soluta recusandae minima et eum possimus. Similique a quasi incidunt debitis atque. Deleniti eos et non voluptas dolorum excepturi.<p><img alt=\"\" src=\"http://localhost/shop_project/public/upload/imgDetailProduct/hp2.jpg\" style=\"height:400px; width:400px\" /></p>Recusandae est deserunt quae neque. Et atque qui molestias assumenda minima excepturi eveniet officia. Autem eum enim sint. Est in ut mollitia ea. Neque numquam maiores qui corrupti odit voluptatibus laudantium eum. Quaerat vel alias rem eos voluptas. Facilis et fuga debitis et. Itaque exercitationem dolorem porro omnis. Facere non consequuntur sit sit ex sed. Numquam distinctio et fuga labore sed.<p><img alt=\"\" src=\"http://localhost/shop_project/public/upload/imgDetailProduct/hp3.jpg\" style=\"height:400px; width:400px\" /></p>',632.00,'/upload/avatarProduct/laptop-hp.jpg',0,0,1,'4','5','2019-11-01 07:57:36','2019-11-01 07:57:38'),(13,4,'Asus VIVOBOOK 869','Quisquam nulla aliquid quo hic non quam qui. Nisi et praesentium quibusdam est quae. Sunt et aut ad architecto molestiae. Suscipit ut ab voluptas at sapiente eum.','Et ut sit doloribus ipsa asperiores. Sit possimus excepturi inventore tenetur aut vel quas. Eius saepe atque optio et veniam ab ipsa. Aut minima animi et possimus illo. Beatae consequatur voluptas facere quas aut animi aut vel. Voluptatibus eligendi sed vitae ipsam nemo. Nihil ipsum dolores in voluptate laboriosam rerum. Expedita et in quis. Et neque eum neque qui voluptas. Sunt odio sunt dicta rerum totam dolor fugit qui. Sint ducimus neque consequatur libero similique soluta velit.<p><img alt=\"\" src=\"http://localhost/shop_project/public/upload/imgDetailProduct/asus1.jpg\" style=\"height:400px; width:400px\" /></p>Neque qui ducimus nulla animi vitae corporis debitis. Et fuga blanditiis dolorem repudiandae odio ut. Assumenda commodi sint rerum magnam qui et. Reiciendis dignissimos molestiae sed officia repellendus. Eos quis asperiores et. Sint itaque totam rerum aut ea. Excepturi quae et quia sint similique debitis. Cum enim sit tempora quaerat. Quaerat animi voluptas corrupti iure fugiat architecto nihil. Soluta maiores aperiam adipisci. Blanditiis est totam pariatur qui libero molestiae.<p><img alt=\"\" src=\"http://localhost/shop_project/public/upload/imgDetailProduct/asus2.jpg\" style=\"height:400px; width:400px\" /></p>Voluptatum nemo rem commodi dolorem vitae. Iste et placeat perferendis officiis. Sint consequatur eaque earum iure nam. Animi fuga repellendus minus aut vel aperiam sit. Corporis molestiae cumque cumque et id qui. Nulla est quo odit animi quo optio iure. Ipsum non est maiores illum. Aperiam aut distinctio provident dolorum reiciendis. Molestiae aut iure doloremque. Eos quia sit dolores quasi maxime reiciendis dolorem.<p><img alt=\"\" src=\"http://localhost/shop_project/public/upload/imgDetailProduct/asus3.jpg\" style=\"height:400px; width:400px\" /></p>',702.00,'/upload/avatarProduct/laptop-asus.jpg',20,0,0,'5','7','2019-11-01 07:57:36','2019-11-01 07:57:38'),(14,5,'Dell Inspiron 946','Et aut ratione officia ea. Inventore quam quaerat aperiam necessitatibus. Ut repudiandae dolor esse. Vel dolorem asperiores est quis facilis est aspernatur ad.','Quibusdam consequuntur et totam aperiam tempora sit. Sunt perspiciatis id voluptatum vel ut. Et velit in dolorum. Error itaque et ex et aliquid. Commodi recusandae sit blanditiis consequatur. Eius saepe id et. Libero repellendus est modi excepturi vitae. Et eius ut recusandae aut quia sunt. Provident voluptatum aut placeat adipisci porro. Recusandae cupiditate totam eum sit aliquid. Fuga esse assumenda iure exercitationem neque. Vero autem et et.<p><img alt=\"\" src=\"http://localhost/shop_project/public/upload/imgDetailProduct/dell1.jpg\" style=\"height:400px; width:400px\" /></p>Eos libero hic aut aperiam pariatur quibusdam. Aliquid dolores inventore impedit ea rem explicabo ex. Placeat reiciendis similique non aut reprehenderit. Odit est quis iure ipsa sint consequuntur. Voluptas et qui et dolores adipisci fuga. Et velit corrupti accusamus ad totam. Aut illo saepe qui asperiores ut. Qui quis incidunt ea omnis officia harum voluptatum facere. Voluptatem ut vel tenetur explicabo molestiae vitae eius fugiat.<p><img alt=\"\" src=\"http://localhost/shop_project/public/upload/imgDetailProduct/dell2.jpg\" style=\"height:400px; width:400px\" /></p>Magni accusamus mollitia aut et laborum illo. Id animi voluptates tempora provident. Eligendi ut provident repellat esse in. Veritatis at repudiandae possimus eveniet eos. A eum porro soluta inventore corporis. Reiciendis quaerat iusto ea in dignissimos. Ut et odit quia. Tempora suscipit autem ut omnis velit ut. Adipisci dicta dolore ipsa non minus magnam quisquam. Laudantium voluptate nisi ut delectus nobis.<p><img alt=\"\" src=\"http://localhost/shop_project/public/upload/imgDetailProduct/dell3.jpg\" style=\"height:400px; width:400px\" /></p>',622.00,'/upload/avatarProduct/laptop-dell.jpg',10,1,0,'2','9','2019-11-01 07:57:36','2019-11-01 07:57:38'),(15,11,'Nikon 742','Sed pariatur eum nisi nobis. Velit ipsum dolorem id eum. Quis iste iure placeat cumque eaque voluptate quibusdam. Occaecati dolorum sunt quo placeat nihil aut molestiae.','Impedit perferendis doloremque vel in placeat. Excepturi quo quo sunt. Voluptas atque molestias animi accusantium iste eligendi et. Ut ut vel dolorem amet. Voluptatum molestias nam eos aperiam. Hic debitis ullam suscipit voluptas minus cumque vel quisquam. Distinctio et fugit accusamus. Sequi eveniet modi vitae et vel. Eius sunt iure sequi. Impedit eum placeat occaecati odit rem et blanditiis.<p><img alt=\"\" src=\"http://localhost/shop_project/public/upload/imgDetailProduct/nikon1.jpg\" style=\"height:400px; width:400px\" /></p>Exercitationem debitis sunt aut sed. Suscipit et vitae qui accusamus magni. Omnis eaque ut excepturi numquam modi omnis. Natus praesentium labore necessitatibus totam assumenda reprehenderit. Ut nihil atque dicta reprehenderit ipsa consequatur voluptatem. Autem consequatur minima quas nobis consectetur. Et dolor eaque debitis delectus assumenda quasi. Assumenda quibusdam ut velit. Sed nisi saepe sed voluptate non ut. Nesciunt accusantium veritatis animi aut doloribus et necessitatibus.<p><img alt=\"\" src=\"http://localhost/shop_project/public/upload/imgDetailProduct/nikon2.jpg\" style=\"height:400px; width:400px\" /></p>Aspernatur optio in fugit totam in. Esse placeat est occaecati voluptas labore. Eaque deserunt provident culpa amet voluptatem rerum necessitatibus. Corrupti ea ducimus nihil. Quidem eveniet quasi et doloremque consequatur id. Neque velit voluptas nobis corrupti soluta laboriosam architecto non. Voluptatum itaque nisi harum voluptatibus. Aut debitis quas est praesentium occaecati. Qui repellat culpa harum in. Vel inventore iusto deserunt alias nemo.<p><img alt=\"\" src=\"http://localhost/shop_project/public/upload/imgDetailProduct/nikon3.jpg\" style=\"height:400px; width:400px\" /></p>',711.00,'/upload/avatarProduct/camera.jpg',0,0,1,'4','0','2019-11-01 07:57:36','2019-11-01 07:57:38'),(16,9,'Galaxy 5','Harum laborum voluptatem sit accusantium. Est consequatur ut magnam non iste qui. Minus sit iusto voluptatem dolorem est atque totam quia.','Eos nulla voluptatibus atque sint cupiditate. Qui porro molestias quasi eos illum numquam numquam. Et exercitationem omnis facere ipsa quod ut nihil. Suscipit voluptatem maiores labore. Consequuntur incidunt rerum aut sed et ipsum vitae maiores. Nisi reprehenderit rerum commodi reprehenderit. Molestiae omnis quo magnam consectetur sint magnam sapiente. Fuga sed excepturi aperiam culpa.<p><img alt=\"\" src=\"http://localhost/shop_project/public/upload/imgDetailProduct/samsung1.jpg\" style=\"height:400px; width:400px\" /></p>Nulla quaerat non nisi quis illo molestiae. Quasi rerum voluptatem qui inventore. Molestias nihil aut ea laboriosam dolor nobis ea. Et voluptatem est et et cupiditate maxime at expedita. Ratione eligendi dolores consectetur voluptatem. Et in velit tenetur sequi et dicta id. Dolorum et hic sint hic harum quia. Commodi explicabo architecto modi deserunt deserunt maxime repellendus sit.<p><img alt=\"\" src=\"http://localhost/shop_project/public/upload/imgDetailProduct/samsung2.jpg\" style=\"height:400px; width:400px\" /></p>Sequi voluptatem harum est quibusdam odio aut. Reprehenderit omnis enim perspiciatis ut sunt occaecati cumque. Incidunt soluta est sed dolor eum. Sit aliquid quo quis non. Eligendi omnis soluta voluptatum quibusdam fugiat adipisci alias. Qui reprehenderit facere et unde alias laboriosam natus aliquid. Quasi voluptas nihil perspiciatis repellendus aperiam id. Ut qui sunt aut sunt error nihil. Dolore iure vero totam aut voluptatem animi omnis. Et maxime praesentium pariatur perspiciatis.<p><img alt=\"\" src=\"http://localhost/shop_project/public/upload/imgDetailProduct/samsung3.jpg\" style=\"height:400px; width:400px\" /></p>',686.00,'/upload/avatarProduct/smartphone-samsung.jpg',20,0,0,'1','6','2019-11-01 07:57:36','2019-11-01 07:57:38'),(17,8,'Iphone 9','Labore aut veniam dolorem aut. Et provident molestiae nisi impedit. Rerum quidem eius facere accusamus alias. Ipsa ipsa dolore quisquam sed voluptatem voluptas sed.','Dolore et tempore et. Provident odio numquam excepturi eos occaecati quod nisi maiores. Quas quisquam ut impedit est ex sed ullam. Voluptate rem necessitatibus in. Quaerat voluptatem nostrum iste. Asperiores provident corporis inventore corrupti nostrum vel sint culpa. Molestiae expedita fugit explicabo modi ut. At quo atque consequatur. Sit accusamus earum molestias vitae beatae voluptate. Exercitationem totam nulla aut cupiditate sed. Corporis illum quis modi repellat.<p><img alt=\"\" src=\"http://localhost/shop_project/public/upload/imgDetailProduct/iphone1.jpg\" style=\"height:400px; width:400px\" /></p>A qui qui nulla facere exercitationem itaque. Voluptas dolorum velit mollitia officiis. Hic quam sit provident culpa doloremque. Occaecati provident praesentium ea dicta non amet. Doloribus delectus quam provident porro maiores sint. Fugiat quam quo eveniet. Repudiandae dolorum nobis dolor voluptatem vero nam. Enim molestias facilis dolor magnam. Accusantium ad ut dolorem expedita.<p><img alt=\"\" src=\"http://localhost/shop_project/public/upload/imgDetailProduct/iphone2.jpg\" style=\"height:400px; width:400px\" /></p>Quia pariatur error sequi repudiandae architecto. Aut et voluptatem sapiente sequi. Aut est aspernatur aperiam iure quaerat labore possimus. Eius vel qui aut quo. Repellat qui suscipit voluptate et sit non. Non eligendi sapiente vel enim rerum. Dolores eum qui laboriosam quis blanditiis. Rerum ab molestiae ut fuga. Sit sit accusantium aut delectus enim aut voluptatem.<p><img alt=\"\" src=\"http://localhost/shop_project/public/upload/imgDetailProduct/iphone3.jpg\" style=\"height:400px; width:400px\" /></p>',602.00,'/upload/avatarProduct/smartphone-iphone.jpg',0,0,0,'3','0','2019-11-01 07:57:36','2019-11-01 07:57:38'),(18,11,'Nikon 714','Rerum ut quis tenetur dolore. Tenetur nam tempora enim ducimus dignissimos. Nesciunt vero aut voluptate saepe corrupti.','Nam voluptatibus praesentium facere possimus rerum deleniti dolorum. Nihil ut debitis voluptatem qui repellendus. Et cumque eius quam perspiciatis quidem. Alias et earum quo enim ipsum. Earum sed doloremque dolorum officiis in consequuntur. Et voluptatem suscipit nam tempore. Et repellendus quaerat optio sed. Nulla repudiandae enim dolorem tenetur. Culpa tempore aliquam repellat explicabo. Explicabo nemo et tempore est.<p><img alt=\"\" src=\"http://localhost/shop_project/public/upload/imgDetailProduct/nikon1.jpg\" style=\"height:400px; width:400px\" /></p>Consequatur voluptas numquam dolore. Odit nemo et ea officia. Aut amet perferendis molestiae et. Qui nihil autem voluptas quae repudiandae eos. Omnis veritatis aperiam consequatur illo eum. Harum recusandae quis omnis. Hic magnam eum maxime aut sit. Vero qui accusantium voluptatem voluptate aut aut corrupti velit. Cumque aut iusto modi dolorem cupiditate.<p><img alt=\"\" src=\"http://localhost/shop_project/public/upload/imgDetailProduct/nikon2.jpg\" style=\"height:400px; width:400px\" /></p>Culpa expedita quaerat occaecati mollitia. Temporibus unde est velit omnis quia sit. Consequatur quod doloremque omnis voluptatem voluptatem quia. Consequatur voluptatem et dolor atque. Reiciendis explicabo suscipit nemo aspernatur et qui. Dolores velit voluptatem error modi doloremque. Nisi dolores modi magni sit. Fugiat sint laborum nesciunt. Et ut et est quis sapiente. Dignissimos deleniti sapiente non rem est. Ratione sed laborum ad nihil nemo tempora. Dolor enim qui sed natus deleniti.<p><img alt=\"\" src=\"http://localhost/shop_project/public/upload/imgDetailProduct/nikon3.jpg\" style=\"height:400px; width:400px\" /></p>',698.00,'/upload/avatarProduct/camera.jpg',0,1,1,'5','9','2019-11-01 07:57:36','2019-11-01 07:57:38'),(19,10,'Zenphone 6','Sed et dolores possimus ea laudantium. Veritatis reprehenderit provident placeat vitae. Temporibus sunt eligendi minima quo voluptatem ex ut odit.','Consequuntur ab sequi voluptas dolor tempora consectetur. A rerum harum perferendis aut officiis. Necessitatibus eveniet dignissimos quia ratione omnis. Laborum delectus dolore praesentium illo. Quo corporis quis nihil maiores qui atque. Cupiditate cupiditate voluptate enim molestiae quos laboriosam. Iure laborum aut tempore odit qui est deserunt. Sint aperiam magnam omnis quidem temporibus corrupti reiciendis. Reiciendis nobis ipsa veritatis consequatur corporis est sed.<p><img alt=\"\" src=\"http://localhost/shop_project/public/upload/imgDetailProduct/zenphone1.jpg\" style=\"height:400px; width:400px\" /></p>Et ab ad officiis quis quidem iure ipsam. Quos quisquam aut aliquam quis quae repudiandae. Aut nobis culpa debitis porro dolor accusamus est. Non consectetur rerum repellendus eveniet architecto. Et odio fuga et ea beatae aut aut necessitatibus. Odio et fuga deleniti sit voluptatem cum. Similique repellat libero deleniti suscipit sunt. Et et quia sed sed et iste. Nam assumenda id consequatur praesentium earum.<p><img alt=\"\" src=\"http://localhost/shop_project/public/upload/imgDetailProduct/zenphone2.jpg\" style=\"height:400px; width:400px\" /></p>Qui incidunt esse omnis eum saepe nisi. Qui aut repudiandae ipsam quo officia beatae voluptatem. Error qui consequatur nulla aut iusto quas exercitationem. Expedita consectetur dolorem voluptate eos aspernatur quasi. Ipsam ratione consectetur ut praesentium quia veritatis sed. Unde et earum odit in occaecati. Quia delectus est voluptatem repellat quia.<p><img alt=\"\" src=\"http://localhost/shop_project/public/upload/imgDetailProduct/zenphone3.jpg\" style=\"height:400px; width:400px\" /></p>',814.00,'/upload/avatarProduct/smartphone-asus.jpg',20,1,0,'2','1','2019-11-01 07:57:36','2019-11-01 07:57:38'),(20,9,'Galaxy 9','Totam aut vitae et possimus nemo ut. Qui explicabo eum laborum porro nisi enim modi autem. Accusantium amet id dolorum consequatur sed quia omnis.','Dolor dignissimos enim omnis explicabo commodi mollitia. Nulla est qui vel provident quas. Mollitia perferendis molestiae et. Velit est sint dolorem fugiat et nihil illum. Repudiandae porro quo necessitatibus saepe temporibus vitae aut. Dicta asperiores earum rerum minus rerum minima. Vitae doloremque molestiae id quod. Fugiat quia cumque quas. Consequatur autem iusto libero repellat. Ratione ut et ut.<p><img alt=\"\" src=\"http://localhost/shop_project/public/upload/imgDetailProduct/samsung1.jpg\" style=\"height:400px; width:400px\" /></p>Sunt quasi voluptas pariatur minima non itaque enim. Eos velit qui quia deleniti voluptatem. Et eveniet ipsa officia facilis dolore laborum dolor. Consectetur harum laborum reiciendis explicabo in ut ut et. Accusamus quos hic repellendus rerum doloribus. Praesentium eos sit vel ut.<p><img alt=\"\" src=\"http://localhost/shop_project/public/upload/imgDetailProduct/samsung2.jpg\" style=\"height:400px; width:400px\" /></p>Amet et vitae exercitationem dolor. Magni omnis ullam ut maxime magnam rerum. Incidunt quod illo nostrum qui. Et perferendis placeat impedit sed sapiente et. Omnis sed vel consequatur expedita. Velit fuga nesciunt omnis rerum. Fugiat deleniti qui ipsam cumque dolorum. Aut cum perferendis temporibus aut sint blanditiis nemo ad. Blanditiis optio ut eveniet tempore possimus atque.<p><img alt=\"\" src=\"http://localhost/shop_project/public/upload/imgDetailProduct/samsung3.jpg\" style=\"height:400px; width:400px\" /></p>',818.00,'/upload/avatarProduct/smartphone-samsung.jpg',0,0,1,'1','3','2019-11-01 07:57:36','2019-11-01 07:57:38'),(21,8,'Iphone 9','Iusto illo qui natus libero quidem. Ab dicta expedita magnam fugiat. Consequatur incidunt ipsum optio doloribus autem illo. Qui nam quae maxime blanditiis atque qui quasi.','Asperiores consequuntur quaerat eum ut commodi magni minus. Porro tempora sed eum magni tenetur. Odio sint et molestias doloribus nulla quibusdam. Voluptatem rerum eum et odio. Debitis explicabo sapiente rem laborum officia consectetur. Distinctio accusantium adipisci sunt iusto et. Eaque molestias iste nulla. Iste provident explicabo explicabo excepturi. Voluptatum repellendus non laboriosam illo. Rem et soluta et culpa qui laudantium distinctio.<p><img alt=\"\" src=\"http://localhost/shop_project/public/upload/imgDetailProduct/iphone1.jpg\" style=\"height:400px; width:400px\" /></p>Aspernatur assumenda ad sint rerum. Qui autem nam accusamus dolore temporibus repellat quia. Suscipit dolor dolores sequi sunt at. Eligendi eum accusamus rerum qui occaecati esse repellendus. Recusandae est unde ut facere ducimus illum voluptates. Rerum eos eos nihil harum. Voluptates similique eius omnis aut aut voluptas veritatis.<p><img alt=\"\" src=\"http://localhost/shop_project/public/upload/imgDetailProduct/iphone2.jpg\" style=\"height:400px; width:400px\" /></p>Optio quia accusantium et voluptas aut amet atque. Harum porro eius quia aspernatur reprehenderit necessitatibus. Quasi labore alias eius iusto sapiente. Distinctio deserunt cumque ullam quis laborum sit voluptatum. Rerum eum architecto temporibus ad asperiores. Exercitationem velit temporibus recusandae est sunt voluptatem fugit. Consectetur a consectetur quisquam ea eius sunt accusamus. Explicabo quae debitis nulla aut deserunt non.<p><img alt=\"\" src=\"http://localhost/shop_project/public/upload/imgDetailProduct/iphone3.jpg\" style=\"height:400px; width:400px\" /></p>',702.00,'/upload/avatarProduct/smartphone-iphone.jpg',20,1,1,'1.5','6','2019-11-01 07:57:36','2019-11-01 07:57:38'),(22,11,'Nikon 870','Unde minus dolorem consequuntur harum nulla autem necessitatibus. Ex culpa dolor eaque. Velit molestiae illo alias porro qui est eum. Quo cum rerum consequatur quisquam.','Hic voluptatem ea consequatur ut mollitia aut dolor. Voluptatibus culpa quis cupiditate ullam. Nobis autem corrupti eos impedit id. Minus aut nulla deleniti aut. Quia sed quo provident voluptates. Excepturi nihil fugiat quo praesentium adipisci. Distinctio est laboriosam voluptas dolore recusandae eaque ullam iure. Doloremque quas quos vel voluptas aut. Reprehenderit occaecati dolores ipsum omnis nostrum et iure. Voluptatem vero natus laborum et officia.<p><img alt=\"\" src=\"http://localhost/shop_project/public/upload/imgDetailProduct/nikon1.jpg\" style=\"height:400px; width:400px\" /></p>Quod ipsum ullam sed et eligendi. Excepturi deleniti cupiditate quia et ipsum rem illum quia. Repudiandae sunt nulla molestiae omnis eum et. Magnam commodi facere autem quam ipsa at dicta. Porro quia ea modi fuga cumque optio rerum. Sed voluptas exercitationem rerum ad possimus dolorem. Sint aut omnis corporis deserunt voluptatibus. Voluptatem assumenda id est et dignissimos corporis. Ipsam labore quo architecto sed nisi aliquid ab. Expedita exercitationem ut voluptas minus.<p><img alt=\"\" src=\"http://localhost/shop_project/public/upload/imgDetailProduct/nikon2.jpg\" style=\"height:400px; width:400px\" /></p>Alias aliquid odit at sed esse. Ipsa ut soluta culpa labore perspiciatis laborum rem et. Enim ut voluptatum commodi voluptatem. Voluptates quibusdam ducimus possimus cum asperiores maiores qui. Commodi consequatur quia modi ut iusto commodi. Illo esse eveniet suscipit non at excepturi. Culpa doloremque quam ratione est amet quia natus.<p><img alt=\"\" src=\"http://localhost/shop_project/public/upload/imgDetailProduct/nikon3.jpg\" style=\"height:400px; width:400px\" /></p>',756.00,'/upload/avatarProduct/camera.jpg',10,0,1,'2.6666666666666665','3','2019-11-01 07:57:36','2019-11-01 07:57:38'),(23,6,'HP Probook 809','Non sint facilis temporibus suscipit. Laborum quos non ut ut asperiores neque. Harum sapiente est quis et. Assumenda incidunt beatae et dolor ipsa ut tenetur.','Tempora eaque enim assumenda rerum libero laboriosam. Id praesentium est placeat odit et. Laboriosam sint voluptates facilis sunt neque suscipit autem. Neque commodi aliquam aspernatur sed consequatur. Ducimus amet qui quis aut. Deleniti minus doloribus harum debitis sequi voluptatem. Iste qui et dolorem est. Tempore ut doloribus sunt non ut. Reprehenderit qui aperiam neque ipsa porro nostrum. Dolore minus nostrum ad dolore. Deserunt dolor dolorem vitae.<p><img alt=\"\" src=\"http://localhost/shop_project/public/upload/imgDetailProduct/hp1.jpg\" style=\"height:400px; width:400px\" /></p>Consequatur nisi sequi natus accusantium. Sint illo temporibus et cum aut. Vel voluptates doloremque id rerum. Molestiae alias eius nisi aliquam similique laborum est. Qui enim et fuga qui. Quo non aut ad vitae. Quae suscipit porro perspiciatis autem quia quibusdam. Corporis nostrum dignissimos suscipit labore vitae dolores. Quisquam reiciendis non tenetur rerum ea. Libero eligendi doloremque et dolorum est nesciunt explicabo. Explicabo tempora non est.<p><img alt=\"\" src=\"http://localhost/shop_project/public/upload/imgDetailProduct/hp2.jpg\" style=\"height:400px; width:400px\" /></p>Placeat similique nisi voluptatibus similique amet repudiandae. Velit omnis fuga cumque autem. Incidunt ducimus odio ipsam esse. Repudiandae pariatur dolores sit maxime in. Ullam non aut accusamus enim voluptatem labore consequatur. Excepturi fugiat alias aut quam veritatis. Distinctio consequuntur tenetur officiis. Sunt nisi similique corporis nobis qui. Non et nostrum voluptatum dicta molestiae libero dolorem. Eius sit voluptas perspiciatis. Culpa non velit fuga voluptate.<p><img alt=\"\" src=\"http://localhost/shop_project/public/upload/imgDetailProduct/hp3.jpg\" style=\"height:400px; width:400px\" /></p>',538.00,'/upload/avatarProduct/laptop-hp.jpg',20,0,1,'3.3333333333333335','6','2019-11-01 07:57:36','2019-11-01 07:57:38'),(24,4,'Asus VIVOBOOK 915','Velit et exercitationem veritatis temporibus omnis expedita. Et quia et consequatur blanditiis. Quos error cumque quaerat ut.','Qui et consectetur quam. Veniam eos consequatur incidunt nemo at quia earum. Ea quam earum qui incidunt quod deleniti nisi. Et sit saepe est maxime. Delectus exercitationem totam est quis. Qui est quia numquam sint suscipit neque qui. Eum maiores est facere. Nesciunt eligendi et exercitationem minima. Et quae in hic.<p><img alt=\"\" src=\"http://localhost/shop_project/public/upload/imgDetailProduct/asus1.jpg\" style=\"height:400px; width:400px\" /></p>Corrupti dolorem labore voluptates quis esse ratione. Amet id voluptatem consequatur suscipit. Nostrum quibusdam sit amet et magnam quidem omnis. Occaecati voluptates ut rerum quos. Fuga et cupiditate ad et nobis. Non aspernatur recusandae nemo veritatis dolor. Rem natus provident porro aliquam exercitationem unde ea.<p><img alt=\"\" src=\"http://localhost/shop_project/public/upload/imgDetailProduct/asus2.jpg\" style=\"height:400px; width:400px\" /></p>Consectetur ipsam iste et quia non ipsa. Tempora ut veritatis non quae. Doloribus qui asperiores dolores neque eveniet. Omnis fugiat sint corrupti cum. Occaecati ut cupiditate distinctio cumque et earum necessitatibus. Voluptate aut omnis commodi. Occaecati ullam aut corrupti est saepe voluptas. Minima velit voluptas rerum magni ea qui vero. Maxime non quia id eius. Veniam nihil est eligendi quo voluptatem ducimus aspernatur.<p><img alt=\"\" src=\"http://localhost/shop_project/public/upload/imgDetailProduct/asus3.jpg\" style=\"height:400px; width:400px\" /></p>',561.00,'/upload/avatarProduct/laptop-asus.jpg',20,0,1,'2','8','2019-11-01 07:57:36','2019-11-01 07:57:38'),(25,10,'Zenphone 0','Qui quis commodi rem perspiciatis est laudantium. Possimus laborum est perferendis tempora reiciendis quisquam. Molestiae cupiditate optio assumenda ullam tenetur.','Nesciunt doloribus aperiam fugiat. Sed aliquam non fuga officiis neque sunt. Eveniet doloremque explicabo quis placeat quis. Tempora occaecati suscipit magnam autem deleniti adipisci repellendus. Aspernatur molestiae laborum et blanditiis. Repellendus voluptate reprehenderit sapiente ipsam magni quae aliquam sit. Praesentium culpa et non dolor. Necessitatibus dolorem harum sit tempore eligendi sapiente. Velit nulla ullam molestias cumque exercitationem dolores sed.<p><img alt=\"\" src=\"http://localhost/shop_project/public/upload/imgDetailProduct/zenphone1.jpg\" style=\"height:400px; width:400px\" /></p>Placeat blanditiis sit ducimus nihil. Distinctio aspernatur sint sapiente officia reprehenderit. Ut molestias modi aspernatur voluptas cupiditate veniam omnis. Voluptatem enim facilis quibusdam pariatur possimus atque. Enim ducimus iste assumenda id eveniet. Sit exercitationem consequatur quod. Minima ducimus consequatur consequatur in sit eaque. Illum ut quaerat est aut a rerum.<p><img alt=\"\" src=\"http://localhost/shop_project/public/upload/imgDetailProduct/zenphone2.jpg\" style=\"height:400px; width:400px\" /></p>Voluptatem et nihil aliquid distinctio ut. Consequatur quos aut illum id officia aperiam. Et ut vitae error occaecati quam. Quos repellat necessitatibus fuga aut alias qui qui error. Voluptas est vero praesentium omnis qui quasi velit. Omnis sunt alias sed. Aut atque ipsum dicta ab reprehenderit officiis.<p><img alt=\"\" src=\"http://localhost/shop_project/public/upload/imgDetailProduct/zenphone3.jpg\" style=\"height:400px; width:400px\" /></p>',507.00,'/upload/avatarProduct/smartphone-asus.jpg',20,0,1,'5','5','2019-11-01 07:57:36','2019-11-01 07:57:38'),(26,6,'HP Probook 392','Consequatur excepturi nihil rerum enim a. Ut earum nihil consequatur sit officia. Tempore est ut aliquam ut. Et totam veniam consequatur cupiditate.','Perspiciatis rem ipsam veniam ratione voluptas officia. Perspiciatis possimus est laboriosam dolorem officia ut illum illum. Et odit molestiae tempore. Non est et et. Beatae placeat voluptatem sapiente. Totam aut sapiente repudiandae maiores. Non aut voluptas asperiores id deleniti ab aut. Adipisci id nobis eum ducimus voluptas minus itaque illum. Voluptatem perferendis qui nostrum quis maxime iure. Aut eius inventore aut harum eius corrupti in.<p><img alt=\"\" src=\"http://localhost/shop_project/public/upload/imgDetailProduct/hp1.jpg\" style=\"height:400px; width:400px\" /></p>Est dolor aut occaecati. Vero et veniam dolorem nobis ea voluptas. Cum ullam autem rerum tenetur iure ratione. Eos magni placeat minus eos ratione. Blanditiis nihil maxime maxime sint. Eum dolores sunt atque ipsa et nisi consectetur. Eius debitis voluptatibus quidem itaque voluptatem voluptas. Eum est explicabo tempore vitae et ad. Nostrum est ad at sed soluta. Eius ut veniam error. Libero molestias aliquam in ea.<p><img alt=\"\" src=\"http://localhost/shop_project/public/upload/imgDetailProduct/hp2.jpg\" style=\"height:400px; width:400px\" /></p>Suscipit pariatur laborum vitae veritatis. Rerum amet recusandae explicabo consequatur. Voluptas nostrum non sint et voluptates. Qui sunt sunt odio asperiores optio. Maiores quasi unde dolorem ratione sit voluptatem voluptas. Distinctio quia eum alias consequuntur est. Odio eum nostrum id corrupti nobis vel quia. Necessitatibus praesentium minima quia consequuntur aut rerum corrupti. Et pariatur aliquid odit enim quam sint. Beatae dolorem dolor ducimus sequi quo.<p><img alt=\"\" src=\"http://localhost/shop_project/public/upload/imgDetailProduct/hp3.jpg\" style=\"height:400px; width:400px\" /></p>',720.00,'/upload/avatarProduct/laptop-hp.jpg',0,1,0,'0','0','2019-11-01 07:57:36','2019-11-01 07:57:36'),(27,7,'Lenovo Thinkpad 093','Assumenda qui odit eos sed eos est et. Id et velit harum delectus optio.','Nam qui assumenda molestiae magni sed. Aut quod odit soluta incidunt suscipit. Quos earum quis perferendis non qui est. Velit rerum ea voluptatem dignissimos. Reiciendis adipisci a fugiat voluptas autem. Dolorem qui et exercitationem qui quia sequi tempore. Libero quo consequatur quasi dolore in. Autem recusandae perspiciatis est nihil quae ut qui beatae. Placeat et possimus qui placeat autem consequatur.<p><img alt=\"\" src=\"http://localhost/shop_project/public/upload/imgDetailProduct/lenovo1.jpg\" style=\"height:400px; width:400px\" /></p>Alias qui sapiente consequatur aut voluptas expedita. Eum quia distinctio et sed aperiam est. Tempore aliquid sit qui. Ducimus et necessitatibus neque rerum. Autem qui cum velit illum. Cupiditate unde dignissimos doloribus ut sint ex. Saepe nihil officiis recusandae nulla sequi quibusdam sint incidunt. Id eaque quasi voluptatibus aut nulla. Repudiandae nulla placeat eligendi aut aliquid qui. Rerum consequatur dolorum inventore doloribus dicta.<p><img alt=\"\" src=\"http://localhost/shop_project/public/upload/imgDetailProduct/lenovo2.jpg\" style=\"height:400px; width:400px\" /></p>Quia exercitationem quis accusantium corporis non aut autem. Libero expedita velit ut. Architecto earum exercitationem consequuntur sequi non vitae eos. Itaque ut excepturi culpa minima. Molestiae in voluptas reprehenderit laborum at ea. Illum in fugit quis sunt quibusdam aut delectus. Perferendis deleniti cumque ratione saepe quos non ut. Dolores ducimus nihil qui praesentium magni quo. Qui voluptatem ipsum adipisci dolores commodi harum ut eos. A corrupti optio incidunt.<p><img alt=\"\" src=\"http://localhost/shop_project/public/upload/imgDetailProduct/lenovo3.jpg\" style=\"height:400px; width:400px\" /></p>',741.00,'/upload/avatarProduct/laptop-lenovo.jpg',0,0,1,'0','5','2019-11-01 07:57:36','2019-11-01 07:57:36'),(28,6,'HP Probook 687','Expedita recusandae expedita aperiam. Officiis quam necessitatibus eaque cupiditate earum debitis. Aspernatur nihil optio quibusdam eos sunt provident.','Libero mollitia placeat voluptates culpa iure et delectus. Eveniet nihil doloribus corporis nulla molestias voluptatem modi odit. Adipisci tempora aperiam dolore voluptas. Aut quibusdam reprehenderit repudiandae et maiores natus repellat. Voluptas cum qui quis in consequatur. Non adipisci tempore aspernatur voluptatem quo dolores enim. Et nihil consequatur perferendis sunt adipisci voluptatem.<p><img alt=\"\" src=\"http://localhost/shop_project/public/upload/imgDetailProduct/hp1.jpg\" style=\"height:400px; width:400px\" /></p>Voluptas qui quisquam ullam consequuntur consequatur laboriosam velit. Officia sunt neque vel eos autem sed. Error sint suscipit architecto nobis. Id praesentium earum magni temporibus est. Est eum dignissimos iusto sunt quia. Laboriosam hic vel maiores quia cum vero. Quia dicta sit soluta praesentium ex aspernatur. Corporis enim quia odio eum aliquam dolores. Quia minima tenetur nostrum voluptatem itaque ea.<p><img alt=\"\" src=\"http://localhost/shop_project/public/upload/imgDetailProduct/hp2.jpg\" style=\"height:400px; width:400px\" /></p>Maiores enim quis praesentium placeat in excepturi. Culpa officiis natus sed unde qui et qui. Repudiandae eaque cupiditate non sunt aut at et consequuntur. Eaque adipisci incidunt repellat similique. Porro dolores repudiandae excepturi laudantium nulla ducimus magnam. Nostrum aperiam delectus magni quia. Deserunt excepturi dignissimos quod quis consequatur. Quas aut consectetur corporis sunt. Dolore voluptatibus esse est id voluptas officia accusantium.<p><img alt=\"\" src=\"http://localhost/shop_project/public/upload/imgDetailProduct/hp3.jpg\" style=\"height:400px; width:400px\" /></p>',780.00,'/upload/avatarProduct/laptop-hp.jpg',20,1,0,'3','6','2019-11-01 07:57:36','2019-11-01 07:57:38'),(29,12,'Beats 859','Quis quae ut et vel. Rerum deserunt temporibus magnam nisi ratione. Sequi ea tempore maiores rerum sit. Sit voluptates aut aspernatur hic quidem tempora. Quaerat doloremque quia et laborum.','Minima saepe enim molestias esse illo velit et et. Odit qui omnis et sit earum architecto sequi. Mollitia in ipsam dolor omnis facere molestias. Totam et qui maxime laudantium atque. Eligendi ut distinctio debitis dolor autem. Aut nisi doloribus enim repellat voluptatem eaque placeat. Dolor natus at ea blanditiis reprehenderit autem. Saepe eaque nostrum et sequi veritatis distinctio. Aspernatur explicabo dicta perspiciatis exercitationem et ipsam quos.<p><img alt=\"\" src=\"http://localhost/shop_project/public/upload/imgDetailProduct/beat1.jpg\" style=\"height:400px; width:400px\" /></p>Rerum consequatur voluptate sunt qui. Fuga aut ea accusamus nihil. Consectetur voluptate recusandae consectetur rem sequi et accusantium rerum. Ipsa quo esse voluptatum nihil. Excepturi magnam eos optio omnis et. Necessitatibus distinctio laborum sed quam. Eligendi a eaque quaerat et quidem vitae sed. Nemo perspiciatis voluptas aut. Et mollitia vel et odio qui.<p><img alt=\"\" src=\"http://localhost/shop_project/public/upload/imgDetailProduct/beat2.jpg\" style=\"height:400px; width:400px\" /></p>Quam perferendis libero est illum eos omnis. Iure qui fugiat asperiores asperiores nisi. Porro quo architecto sunt facilis aut itaque. Est ab nulla nesciunt doloremque eaque laborum. Id sed odit sit qui et eos quisquam accusantium. Eos ullam occaecati vel aut. Quaerat saepe soluta soluta quo est ratione provident.<p><img alt=\"\" src=\"http://localhost/shop_project/public/upload/imgDetailProduct/beat3.jpg\" style=\"height:400px; width:400px\" /></p>',613.00,'/upload/avatarProduct/headphone.jpg',20,1,1,'3.6666666666666665','4','2019-11-01 07:57:36','2019-11-01 07:57:38'),(30,7,'Lenovo Thinkpad 151','Facere iusto eos maxime qui tempore qui vero. Et eius vel dolores. Incidunt expedita aspernatur nobis voluptatibus amet. In numquam dolorem excepturi sunt non.','Qui sunt quasi animi accusamus. Aspernatur consequuntur modi minus minima omnis. Provident quaerat eos cumque labore aut omnis perferendis. Id et quisquam quis quia ipsam. Voluptate facere quia consequuntur cum eveniet est natus. Voluptas qui placeat quam et esse est est. Dolores aliquid dolores rerum ipsam. Accusantium possimus nam incidunt a. Tenetur beatae veritatis ipsa qui enim eligendi. Accusamus molestiae modi nihil aliquam ratione rerum iure.<p><img alt=\"\" src=\"http://localhost/shop_project/public/upload/imgDetailProduct/lenovo1.jpg\" style=\"height:400px; width:400px\" /></p>Hic quibusdam a minima quisquam. Labore dolorem sint cum velit eveniet est velit. Quo illum voluptatibus repellat tempore qui. Nam eligendi soluta vero quos et rem et. Earum eaque voluptatem earum fugit unde natus. Cumque autem minima molestiae nihil. Quisquam rerum provident expedita eos perspiciatis a earum.<p><img alt=\"\" src=\"http://localhost/shop_project/public/upload/imgDetailProduct/lenovo2.jpg\" style=\"height:400px; width:400px\" /></p>Illum cumque eum tempore quasi. Sit quo molestiae quia tenetur assumenda. Dicta aut pariatur laboriosam voluptatum quia neque enim. Maxime occaecati aut assumenda molestias sunt. Reprehenderit natus maxime expedita omnis. Aut et ea quos sint officia voluptatem. Autem a numquam enim et. Animi voluptatem qui placeat excepturi aperiam facere. Cum omnis aut modi doloribus praesentium doloribus consequuntur. Explicabo repellat tempora consequatur aut rerum optio repellendus.<p><img alt=\"\" src=\"http://localhost/shop_project/public/upload/imgDetailProduct/lenovo3.jpg\" style=\"height:400px; width:400px\" /></p>',865.00,'/upload/avatarProduct/laptop-lenovo.jpg',10,0,1,'2.5','6','2019-11-01 07:57:36','2019-11-01 07:57:38'),(31,12,'Beats 009','Culpa alias aut voluptatum. Adipisci qui dolorem earum adipisci ipsa. Sunt numquam dolorem eaque aut. Officia fugiat assumenda ut eos corrupti repellendus cumque.','Libero ea eligendi facilis earum molestiae corporis. A fuga quis ut non. Molestias temporibus quidem atque qui dolor ducimus rerum. Ab velit doloremque illo aliquid id a. Perspiciatis et asperiores nulla voluptatibus. Minus debitis eum consequatur debitis culpa repudiandae. Quo incidunt consequatur cupiditate quod harum quod vero. Aspernatur ipsa esse quae nisi magnam. Vel ipsam occaecati possimus ullam accusamus eaque sed non.<p><img alt=\"\" src=\"http://localhost/shop_project/public/upload/imgDetailProduct/beat1.jpg\" style=\"height:400px; width:400px\" /></p>Qui veritatis omnis rerum dolorum. Nihil repellat nam repellat. Quia non nostrum et natus laborum et ab. Ullam eaque et non odit odio aut. Dolorem consequuntur dolorem nostrum est laboriosam dicta voluptatibus non. Consequatur similique temporibus maxime ut velit. Perferendis deleniti dolorem at ut eveniet possimus fuga iure. Distinctio iusto exercitationem dicta et veniam non eum.<p><img alt=\"\" src=\"http://localhost/shop_project/public/upload/imgDetailProduct/beat2.jpg\" style=\"height:400px; width:400px\" /></p>Velit quisquam neque dignissimos tempora autem. Dicta quia ad rerum hic quisquam. Ea ea dolorem molestiae necessitatibus. Ut et sapiente nemo molestiae. Cumque reprehenderit error id porro. Quaerat reiciendis quo eligendi quae aut voluptatem. Error libero quia qui vel. Magni similique omnis ipsam sed ut. Recusandae aut consequatur voluptates voluptatem nisi eum tempore. Sint quod architecto rerum tenetur aut consequuntur et.<p><img alt=\"\" src=\"http://localhost/shop_project/public/upload/imgDetailProduct/beat3.jpg\" style=\"height:400px; width:400px\" /></p>',622.00,'/upload/avatarProduct/headphone.jpg',0,0,0,'0','6','2019-11-01 07:57:36','2019-11-01 07:57:36'),(32,9,'Galaxy 1','Reiciendis omnis id rem voluptatem non earum. Quis ex ea atque blanditiis.','Voluptatem libero est et aut sunt quam. Et facilis rerum placeat facilis expedita. Repudiandae qui natus perspiciatis sequi quo. Voluptatum vel eum nam est aut qui. Iste nemo quam sed dolorem sapiente. Neque molestiae omnis voluptatem facere beatae. Iure laborum consequatur non recusandae est. Laborum tempore excepturi sit tempore voluptas.<p><img alt=\"\" src=\"http://localhost/shop_project/public/upload/imgDetailProduct/samsung1.jpg\" style=\"height:400px; width:400px\" /></p>Maxime a quam aut. Impedit eaque qui corporis velit eum fugiat ea. Enim atque tempora et error. Quidem explicabo earum qui dolorem. Facilis est maiores doloremque molestias debitis dolore. Voluptatem quia doloribus neque architecto perspiciatis. Optio distinctio architecto eaque beatae. Qui eaque quo deserunt modi explicabo quaerat sed. Quisquam cumque voluptates ea id unde autem culpa quia.<p><img alt=\"\" src=\"http://localhost/shop_project/public/upload/imgDetailProduct/samsung2.jpg\" style=\"height:400px; width:400px\" /></p>Doloremque consequuntur quis architecto eos qui corporis ratione doloribus. Quam omnis est explicabo. Corporis repellat aperiam quibusdam accusantium et. Voluptatem quo aperiam voluptas sunt vel. Iste voluptas molestiae ut vel enim ab. Possimus ipsum et nobis qui mollitia rerum. Voluptates deserunt sit tempore voluptas. Illum repellendus culpa assumenda adipisci fugiat temporibus dolores.<p><img alt=\"\" src=\"http://localhost/shop_project/public/upload/imgDetailProduct/samsung3.jpg\" style=\"height:400px; width:400px\" /></p>',741.00,'/upload/avatarProduct/smartphone-samsung.jpg',10,0,1,'2.3333333333333335','4','2019-11-01 07:57:36','2019-11-01 07:57:38'),(33,9,'Galaxy 3','Autem beatae officiis ad tenetur sunt ipsa unde. Nesciunt sed mollitia voluptas delectus consequuntur harum repellendus explicabo. Velit tenetur aspernatur ut rerum sit.','Occaecati nam reiciendis modi. Est earum est dignissimos atque totam. Quos nostrum fuga dicta. Culpa quam sed quia unde laudantium dolorem illum. Possimus laudantium consectetur reiciendis dignissimos. Nobis omnis ab voluptatem accusantium. Cum hic omnis quaerat consequatur modi excepturi. Est deserunt iste fugit quis aliquam fuga natus.<p><img alt=\"\" src=\"http://localhost/shop_project/public/upload/imgDetailProduct/samsung1.jpg\" style=\"height:400px; width:400px\" /></p>Itaque eaque adipisci inventore non necessitatibus deleniti. Laborum et adipisci cumque. Aut dicta ullam non totam blanditiis et. Incidunt eaque blanditiis ipsa facere blanditiis et repellat. Non consequatur ducimus necessitatibus. Cumque sed sed quae omnis. Distinctio voluptatem nihil error facere deserunt rem. Eos porro culpa distinctio repellendus qui blanditiis velit reprehenderit.<p><img alt=\"\" src=\"http://localhost/shop_project/public/upload/imgDetailProduct/samsung2.jpg\" style=\"height:400px; width:400px\" /></p>Aperiam vitae autem hic suscipit hic omnis deserunt doloremque. Harum repellendus non aut et voluptatem. Vitae occaecati voluptates delectus saepe reprehenderit sint et. Quam incidunt omnis placeat sint dolorum enim vero. Harum dolorum fugiat quis quis molestiae voluptatem. Molestiae sit nulla similique et in id. Tempore minus maxime quasi voluptatem ut ratione ea. Non sit sit quibusdam enim provident. Ut fuga sequi veritatis adipisci placeat voluptatem numquam.<p><img alt=\"\" src=\"http://localhost/shop_project/public/upload/imgDetailProduct/samsung3.jpg\" style=\"height:400px; width:400px\" /></p>',544.00,'/upload/avatarProduct/smartphone-samsung.jpg',10,0,1,'0','4','2019-11-01 07:57:36','2019-11-01 07:57:36'),(34,5,'Dell Inspiron 822','Nemo ut animi necessitatibus sed. Ut repellat officia autem in. Earum provident enim quam est maxime et dolor sed. Ea minima numquam non eaque. Culpa dignissimos sequi aut ut maxime qui quia fuga.','Sed cumque omnis cum cupiditate eum. Ut non laudantium asperiores enim. Quasi sed eaque expedita nostrum illum exercitationem similique. Temporibus molestiae pariatur provident eligendi maiores voluptas aspernatur. Tenetur tenetur autem eum nam. Sit voluptatem quo explicabo omnis. Quia fuga optio corporis et eaque. Aut excepturi ad vitae ab voluptatem doloribus facere nobis.<p><img alt=\"\" src=\"http://localhost/shop_project/public/upload/imgDetailProduct/dell1.jpg\" style=\"height:400px; width:400px\" /></p>Illum eaque ut officiis. Rerum error sequi hic voluptas a. Beatae veritatis atque fugit omnis voluptas recusandae tempora. Sint et quo et labore nesciunt quia. Recusandae maiores minus perspiciatis quo et ut. Magnam sit enim ut. Neque similique quo corporis id aut optio. Magni placeat voluptatem facere saepe. Quibusdam quos corporis accusamus. Aut consequuntur neque aut nobis eaque at autem eos. Voluptates vitae sapiente ullam et est. Eveniet qui est ipsum sint.<p><img alt=\"\" src=\"http://localhost/shop_project/public/upload/imgDetailProduct/dell2.jpg\" style=\"height:400px; width:400px\" /></p>Maiores qui cupiditate eos totam quia reprehenderit. Culpa ut hic est fuga. Rem officia consequuntur ducimus molestiae. Nesciunt ut sapiente et repellendus ut iste non sit. Vel autem sed cupiditate autem aperiam tenetur et. Eum autem animi illo cupiditate aut et voluptatibus maiores. Id quo iure ex aliquam similique est corrupti. Et est qui facere aliquam voluptatem consequuntur. Dolore minus sapiente iure sed expedita placeat. Et rem vero in quasi ab corrupti amet.<p><img alt=\"\" src=\"http://localhost/shop_project/public/upload/imgDetailProduct/dell3.jpg\" style=\"height:400px; width:400px\" /></p>',755.00,'/upload/avatarProduct/laptop-dell.jpg',20,1,1,'0','2','2019-11-01 07:57:36','2019-11-01 07:57:36'),(35,4,'Asus VIVOBOOK 420','Repellat illum esse quia asperiores suscipit autem. Enim cumque dolorum quis corrupti aut. Cum et omnis nulla ut quas ut doloribus quas.','Eligendi est dolorem totam atque qui dignissimos. Ipsa voluptas ipsum nisi sint modi aut quasi. Eum accusamus quia magni eaque. Veniam ut aspernatur quia deleniti necessitatibus. Autem dolorem quam quos vel id. Ad neque doloribus et perspiciatis porro. Officia accusamus tenetur vel placeat. Expedita et eveniet sunt ratione. Esse tempora et aut qui earum unde. Maxime sunt velit possimus odio doloremque perferendis aut.<p><img alt=\"\" src=\"http://localhost/shop_project/public/upload/imgDetailProduct/asus1.jpg\" style=\"height:400px; width:400px\" /></p>Doloribus asperiores vel occaecati. Accusamus blanditiis repudiandae rem commodi. Animi aperiam dolor sunt distinctio omnis. Nesciunt ad dolores aut enim. Repellendus eius similique tenetur exercitationem ipsam doloribus. Est placeat cupiditate nobis itaque qui. Doloremque debitis qui quia officia est et voluptates odit. Doloribus animi est aliquam. Optio recusandae laborum aut delectus voluptatem est. Ut nihil temporibus laboriosam sed numquam qui.<p><img alt=\"\" src=\"http://localhost/shop_project/public/upload/imgDetailProduct/asus2.jpg\" style=\"height:400px; width:400px\" /></p>Quam necessitatibus nesciunt nihil accusantium. Eum et nulla perspiciatis cumque velit alias sapiente. Omnis voluptas blanditiis nobis sed at et et. Cum quis possimus ut similique quod earum. Commodi ut pariatur doloremque et repellat iure. Ut eos mollitia excepturi soluta reprehenderit. Placeat quisquam numquam asperiores vero assumenda itaque. Praesentium veniam magnam delectus esse cupiditate. Harum odit temporibus unde. Maxime laudantium voluptatem ipsa blanditiis sunt hic.<p><img alt=\"\" src=\"http://localhost/shop_project/public/upload/imgDetailProduct/asus3.jpg\" style=\"height:400px; width:400px\" /></p>',620.00,'/upload/avatarProduct/laptop-asus.jpg',20,1,0,'3','2','2019-11-01 07:57:36','2019-11-01 07:57:38'),(36,12,'Beats 880','Praesentium eveniet cupiditate eligendi incidunt. Corporis occaecati atque laudantium in. Non quas unde at minus qui.','Perferendis et est sint sit omnis dicta. Quis nisi in est error. Necessitatibus illo facilis velit eius voluptate architecto aliquam. Consequuntur distinctio esse sequi dicta repellat expedita enim. Nihil illum eos pariatur nemo dignissimos. Explicabo voluptas id vel animi. Et ipsum consectetur dolore omnis praesentium. Dicta omnis quo similique et. Exercitationem laboriosam sapiente eos minus sit porro. Rerum voluptatem nihil ipsa possimus deserunt sunt. Neque iste ut est pariatur sit sit.<p><img alt=\"\" src=\"http://localhost/shop_project/public/upload/imgDetailProduct/beat1.jpg\" style=\"height:400px; width:400px\" /></p>Consequatur nesciunt et autem ullam ipsam repellat maxime. Sed atque sapiente sint aliquid distinctio aliquid ut. Eos at est rerum sapiente culpa. Velit nulla dolor molestiae debitis. Consequatur molestiae assumenda aut iure rerum blanditiis sint odit. Provident natus voluptates minima magnam quibusdam nisi officia. Aut est ea dolorum blanditiis. Natus illo est minus blanditiis et.<p><img alt=\"\" src=\"http://localhost/shop_project/public/upload/imgDetailProduct/beat2.jpg\" style=\"height:400px; width:400px\" /></p>Suscipit aliquam laborum dolores consequuntur sequi. Laudantium quidem ut id non animi. Dolores temporibus enim quidem aut hic. Sunt cumque vero amet harum esse et consequatur. Et enim blanditiis ut provident itaque dolor. Autem praesentium in deserunt. Est aliquam rerum nam assumenda officiis exercitationem voluptas.<p><img alt=\"\" src=\"http://localhost/shop_project/public/upload/imgDetailProduct/beat3.jpg\" style=\"height:400px; width:400px\" /></p>',503.00,'/upload/avatarProduct/headphone.jpg',10,0,0,'3','7','2019-11-01 07:57:36','2019-11-01 07:57:38'),(37,12,'Beats 844','Est qui sunt perferendis nam eveniet dolorem. Saepe non aut a et iusto. Cupiditate incidunt soluta nihil voluptas. Harum reprehenderit ut enim.','Ut numquam autem recusandae voluptatibus autem laudantium. Nobis fugit rerum nam aliquid numquam et voluptatum. Labore eaque quia qui enim recusandae. Quis sint distinctio quis modi non quo maiores. Eum facilis esse aliquam accusamus dolor sunt fugit. Tempora et autem asperiores debitis sit beatae enim. Consectetur et sed qui sit fugit.<p><img alt=\"\" src=\"http://localhost/shop_project/public/upload/imgDetailProduct/beat1.jpg\" style=\"height:400px; width:400px\" /></p>Ducimus ut ducimus numquam eaque ducimus. Earum tempora assumenda autem ea et non sunt. Inventore ipsa sapiente aspernatur vel aspernatur itaque. Et et est porro eum praesentium nihil. Maxime est aut excepturi et officiis quo. Beatae facilis totam saepe quasi ut. Consequuntur eos consequuntur sapiente voluptatem delectus. Autem quia libero quasi. Non quas ut repellat eum et dignissimos quidem. Est eos eaque voluptatum saepe. Id quo sit id nobis est.<p><img alt=\"\" src=\"http://localhost/shop_project/public/upload/imgDetailProduct/beat2.jpg\" style=\"height:400px; width:400px\" /></p>Voluptas iure dolor consequuntur doloribus omnis. Iste enim aliquid hic voluptate. Rerum nemo ducimus commodi deserunt. Quia dolores laudantium aut incidunt. Labore quas nulla iste et quasi neque. Dolorem quod nihil officiis. Ea iste ipsum repellat minus est voluptates dolorem possimus. Eum aut esse ea quaerat. Ipsam quasi inventore distinctio doloribus ducimus. Voluptas excepturi aut voluptas omnis est qui nostrum. Cum occaecati nemo quibusdam qui.<p><img alt=\"\" src=\"http://localhost/shop_project/public/upload/imgDetailProduct/beat3.jpg\" style=\"height:400px; width:400px\" /></p>',687.00,'/upload/avatarProduct/headphone.jpg',0,0,0,'4','9','2019-11-01 07:57:36','2019-11-01 07:57:38'),(38,5,'Dell Inspiron 452','Quia sed iure ut accusamus dolore. Consectetur qui sit ut porro sint. Quisquam error nihil ex aliquam repellat cumque eos officiis. Dolor libero dolorem aut.','Quisquam distinctio delectus est assumenda. Totam ut quas quia culpa perspiciatis voluptas iste. Eum est ab consequatur at deserunt nisi consectetur. Cupiditate labore ullam voluptates sapiente nobis ab. Minus eligendi ut eum voluptatem. Alias excepturi et eaque vel mollitia autem sit. Id amet modi totam velit ut corporis dignissimos. Enim corporis tempora velit vero nesciunt et. Voluptatum enim temporibus nostrum itaque vel. Magnam in et est quia corrupti quasi id.<p><img alt=\"\" src=\"http://localhost/shop_project/public/upload/imgDetailProduct/dell1.jpg\" style=\"height:400px; width:400px\" /></p>Nulla commodi voluptatum cum dolores vitae. Rem similique tenetur iure rem. Recusandae molestiae tenetur minima omnis numquam animi. Voluptatem sed dolor rerum deleniti. Asperiores dolorum veritatis et iusto quis aut. Quo numquam tenetur aliquid commodi optio enim. Sed consequatur quos maiores repellat repudiandae sit dolorem repudiandae.<p><img alt=\"\" src=\"http://localhost/shop_project/public/upload/imgDetailProduct/dell2.jpg\" style=\"height:400px; width:400px\" /></p>Iusto adipisci veritatis qui quia. Recusandae delectus natus sit omnis possimus soluta ut. Molestias cumque perferendis dolorum rem quos sunt. Omnis et et maiores eveniet. Autem sit numquam nulla et eligendi debitis ut. Neque et eaque quae suscipit omnis repellendus qui. Ea voluptas est id assumenda et quia et quia. Aut est quisquam itaque aliquid est. Sint ut exercitationem voluptatem sed. Qui ut velit exercitationem dolorem est.<p><img alt=\"\" src=\"http://localhost/shop_project/public/upload/imgDetailProduct/dell3.jpg\" style=\"height:400px; width:400px\" /></p>',815.00,'/upload/avatarProduct/laptop-dell.jpg',10,0,1,'3.5','4','2019-11-01 07:57:36','2019-11-01 07:57:38'),(39,7,'Lenovo Thinkpad 208','Enim voluptas sint quos esse qui. Neque soluta sed rem. Explicabo ipsa saepe alias aspernatur id exercitationem. Corrupti hic dolorum atque provident et minima.','Suscipit ipsum iusto facere dolore. Enim provident veniam sed praesentium. Impedit ut maxime totam sit et mollitia. Voluptas molestiae quo totam autem. Et et voluptates vel cum perferendis reprehenderit. Repellendus ut necessitatibus corrupti impedit quidem autem. Porro ut eum veniam reprehenderit. Rerum optio maxime laboriosam esse libero ut. Eos quod nulla rerum consequatur aut culpa. Harum dolores quia quibusdam eos officiis modi.<p><img alt=\"\" src=\"http://localhost/shop_project/public/upload/imgDetailProduct/lenovo1.jpg\" style=\"height:400px; width:400px\" /></p>Dolores facere consectetur ut quos. Vero nesciunt hic velit nulla dicta dolorem dolorem. Dolor beatae est et molestiae ut. Ipsam nihil sequi et cum. Ea delectus nemo quis distinctio voluptas ab. Totam sint fuga vel voluptate explicabo cupiditate rem. Placeat laborum nulla dolorem eum. Mollitia ut deleniti et nihil quia quo consequatur et. Repellat vel modi voluptas suscipit. Quia architecto maiores excepturi voluptatem omnis necessitatibus voluptas.<p><img alt=\"\" src=\"http://localhost/shop_project/public/upload/imgDetailProduct/lenovo2.jpg\" style=\"height:400px; width:400px\" /></p>Unde aut quia alias omnis minima nobis aut sunt. Sed non blanditiis in aut. Fugit ut unde ullam dolorem corporis sed libero. Et sit aut asperiores ea est est qui eum. Officiis quasi id alias quia dicta. Dolorem aliquid enim deleniti mollitia fugiat voluptas. Quos illo sint qui rerum nihil. Quibusdam recusandae consequatur repellendus ipsum. Voluptatibus repellendus laborum tenetur vitae magni voluptas.<p><img alt=\"\" src=\"http://localhost/shop_project/public/upload/imgDetailProduct/lenovo3.jpg\" style=\"height:400px; width:400px\" /></p>',518.00,'/upload/avatarProduct/laptop-lenovo.jpg',0,1,1,'3.6666666666666665','7','2019-11-01 07:57:36','2019-11-01 07:57:38'),(40,12,'Beats 741','Inventore consequuntur voluptas aut voluptatem id delectus aut ut. Et quo et placeat excepturi. Vero quasi placeat sint est. Tempora quos voluptatem rerum rerum ea.','Tempora voluptatem qui nesciunt sit maiores ab ea. Nostrum vel quas omnis ut necessitatibus. Amet rerum provident commodi explicabo iste porro at beatae. Numquam nostrum autem fuga maxime doloremque. Esse et neque id nobis facere atque dolorem officia. Enim numquam debitis recusandae facilis et omnis. Laborum reiciendis odit et harum delectus possimus. Fugit consequatur sunt aspernatur necessitatibus qui optio. Deserunt blanditiis quia ut sint.<p><img alt=\"\" src=\"http://localhost/shop_project/public/upload/imgDetailProduct/beat1.jpg\" style=\"height:400px; width:400px\" /></p>Quisquam quia enim quia eius. Quia facilis deserunt est molestias. Adipisci perferendis minima expedita dignissimos suscipit illum earum. Voluptas ut et a quas pariatur dolor sunt ratione. Doloribus sint sit corrupti nemo pariatur qui. Quae quo repellat asperiores nulla dolore. Qui blanditiis quo quia consectetur. Eligendi unde reiciendis aut dolor rerum in quia magnam. Qui repellendus est facilis ut et.<p><img alt=\"\" src=\"http://localhost/shop_project/public/upload/imgDetailProduct/beat2.jpg\" style=\"height:400px; width:400px\" /></p>Ut ab adipisci doloremque nihil dignissimos laboriosam. Fuga maiores sit voluptatum similique. Facilis et est dicta. Ducimus eveniet omnis harum non odio quia et. Sed corrupti quo eos. Tempore deleniti autem non architecto eum. Dolorem rerum sint enim tenetur sunt est. Quos porro sit quia. Nihil voluptate eum repudiandae molestias ut. Aut consequatur sed quam ut ut necessitatibus et. Modi unde perspiciatis pariatur dolore qui corporis voluptatum.<p><img alt=\"\" src=\"http://localhost/shop_project/public/upload/imgDetailProduct/beat3.jpg\" style=\"height:400px; width:400px\" /></p>',524.00,'/upload/avatarProduct/headphone.jpg',20,0,0,'3','1','2019-11-01 07:57:36','2019-11-01 07:57:38'),(41,4,'Asus VIVOBOOK 655','Molestiae voluptatibus in ea commodi accusamus maxime. Modi temporibus doloribus veritatis dolor consequatur rem ex ea. Eos omnis minus iste qui animi.','Nam iusto quaerat et. Qui maxime sapiente id facilis sunt. Consectetur minima velit ea unde repudiandae. Atque fugiat fuga earum soluta debitis ratione aut. Ut vitae quidem occaecati odit quasi enim dicta. Aut nisi sequi impedit rem animi voluptatem neque. Eum vero saepe inventore aspernatur eum ipsa voluptatibus. Quas ducimus fuga sint iste sunt. Voluptas id error temporibus sunt mollitia.<p><img alt=\"\" src=\"http://localhost/shop_project/public/upload/imgDetailProduct/asus1.jpg\" style=\"height:400px; width:400px\" /></p>Quia ratione unde rerum vitae sit. Fugiat ut illo repudiandae tempore qui fugiat similique ut. Sint deleniti qui asperiores veniam voluptas magnam quis. Neque voluptate sed voluptatem odit ipsam. Corporis quasi reprehenderit amet minus. Quisquam libero consequatur quia. Blanditiis corporis sapiente qui repellat qui dolorem incidunt veritatis. Sed omnis ipsa earum. Est autem cupiditate veniam ipsa natus minima aliquam.<p><img alt=\"\" src=\"http://localhost/shop_project/public/upload/imgDetailProduct/asus2.jpg\" style=\"height:400px; width:400px\" /></p>Ratione molestiae mollitia dolores molestiae quo numquam. Minus repellendus porro similique tempora nihil quae. Suscipit consequatur saepe velit doloribus asperiores dolor nihil. Quos corrupti quisquam ex quasi. Libero doloremque totam voluptatum vitae. Enim voluptas autem repellat voluptatem voluptas. Ullam sed placeat deserunt perferendis.<p><img alt=\"\" src=\"http://localhost/shop_project/public/upload/imgDetailProduct/asus3.jpg\" style=\"height:400px; width:400px\" /></p>',673.00,'/upload/avatarProduct/laptop-asus.jpg',20,0,0,'4','6','2019-11-01 07:57:36','2019-11-01 07:57:38'),(42,6,'HP Probook 140','Id eveniet voluptatum neque velit dicta ea. Quae labore quo dicta sit officiis voluptas. Suscipit voluptas totam saepe aut temporibus ad quis.','Consequatur voluptatem nam voluptatem accusantium. Corporis nisi nesciunt aut ut unde mollitia consequuntur. Non aut rerum quia harum. Non voluptatem harum assumenda nobis. Beatae quo expedita enim necessitatibus ut excepturi. Qui enim dolores fuga velit. Omnis et amet impedit voluptatem temporibus quis voluptatum. Eum tempore accusantium similique ratione ad eum. Delectus dolorem iusto et qui. Error optio dolores nobis id et molestias laborum. In harum velit illum amet.<p><img alt=\"\" src=\"http://localhost/shop_project/public/upload/imgDetailProduct/hp1.jpg\" style=\"height:400px; width:400px\" /></p>Ea accusantium nobis qui. Vel consequatur in magnam commodi laborum earum ex. Inventore nulla nisi et est. Nesciunt fugiat incidunt nam mollitia ad. Debitis et magni hic. Voluptas est nemo nesciunt temporibus sunt incidunt quia at. Aliquam sunt voluptas quia eius repellat veniam. Iure incidunt id corporis sequi. Voluptatum vero labore atque libero. Voluptatem eius sit in odit qui. Quibusdam voluptatibus voluptates voluptas est voluptatem fugit. Impedit ut id at dolores quibusdam.<p><img alt=\"\" src=\"http://localhost/shop_project/public/upload/imgDetailProduct/hp2.jpg\" style=\"height:400px; width:400px\" /></p>Id delectus quos sit. Qui id sunt placeat numquam. Reprehenderit quisquam exercitationem et velit. Ipsa ut suscipit occaecati molestiae. Dolorem et dolor perspiciatis. Qui odit nemo iure aliquid perspiciatis et sit. Porro molestiae qui sit expedita amet qui ea dicta. Libero molestiae iusto maiores. Inventore vero aut veniam ut dolor. Eos beatae asperiores vel fugit dolore consequuntur ullam quas. Aliquam repellat adipisci molestiae esse veniam repellendus perspiciatis.<p><img alt=\"\" src=\"http://localhost/shop_project/public/upload/imgDetailProduct/hp3.jpg\" style=\"height:400px; width:400px\" /></p>',527.00,'/upload/avatarProduct/laptop-hp.jpg',0,0,1,'2','3','2019-11-01 07:57:36','2019-11-01 07:57:38'),(43,7,'Lenovo Thinkpad 143','Magnam ad tempora vel quaerat ex sapiente. Et cum excepturi culpa quae in voluptates. Dolor sunt necessitatibus sint aspernatur ea at. Explicabo ipsa eos nobis et.','Vel occaecati cumque sapiente nihil inventore fuga ipsum. Maiores similique et sed soluta assumenda consequuntur. Autem est vel odit expedita nobis fugiat. Cumque et tenetur sequi ad rem dolorem. Dolorum alias ut et. Exercitationem ipsam quia beatae dolores similique qui officia. Ipsam ducimus sint natus et enim quia. Consequatur et harum beatae voluptatum delectus.<p><img alt=\"\" src=\"http://localhost/shop_project/public/upload/imgDetailProduct/lenovo1.jpg\" style=\"height:400px; width:400px\" /></p>Labore quia saepe quia ullam aut qui. Voluptatem sequi ad occaecati eum et quas. Et quae fuga est expedita neque quo aut. Nihil molestias odio sapiente officia. Aspernatur labore distinctio labore ab eligendi enim. Aut non est et est et voluptatem ut eos. Maiores adipisci quidem dolor dolores omnis placeat. Nobis rerum unde qui et odit. Nobis aut in eos iusto et. Qui asperiores dolore sequi aperiam. Non soluta voluptatibus autem itaque.<p><img alt=\"\" src=\"http://localhost/shop_project/public/upload/imgDetailProduct/lenovo2.jpg\" style=\"height:400px; width:400px\" /></p>Aut iure aut praesentium aliquid et et dolorem. Dignissimos dolore magni quia nobis vero. Quidem sed odio quia voluptate. Modi qui eos qui doloribus placeat quaerat enim sit. Quia quas perferendis corporis ab. Nam atque dolores est aut suscipit alias. Provident odio quisquam eius vel cupiditate placeat atque. Magni eos assumenda nostrum unde. Qui aliquam mollitia inventore pariatur a sit.<p><img alt=\"\" src=\"http://localhost/shop_project/public/upload/imgDetailProduct/lenovo3.jpg\" style=\"height:400px; width:400px\" /></p>',776.00,'/upload/avatarProduct/laptop-lenovo.jpg',10,1,1,'4','4','2019-11-01 07:57:36','2019-11-01 07:57:38'),(44,11,'Nikon 519','Non fuga magnam quia ipsam et aut. Eum ducimus sunt dolore rem dolore nihil. Sed recusandae ut voluptate voluptatem. Quibusdam non velit enim fugiat culpa rem dolores.','Soluta at iusto porro fugit. Non possimus recusandae suscipit reiciendis provident omnis. Voluptas dignissimos omnis qui. Dolorem ea consequatur nesciunt aliquid. Magnam eos facilis qui aliquid qui et maiores. Assumenda consequatur rerum praesentium aut. Id omnis ad non rerum quia molestiae assumenda. Est ad eos expedita corporis quia dolores. Cumque ea at explicabo quo. Ipsa laborum laudantium est quod a.<p><img alt=\"\" src=\"http://localhost/shop_project/public/upload/imgDetailProduct/nikon1.jpg\" style=\"height:400px; width:400px\" /></p>Enim consequatur iste est cum excepturi. Laboriosam et dolores sed deleniti. Ut sit aspernatur earum autem. Consequuntur magnam magnam culpa. Deserunt unde perferendis ut. Praesentium repudiandae ipsum molestiae quam. Quae provident voluptate molestiae voluptas. Magni saepe in in doloremque. Rem molestias aliquam consequatur omnis. Natus veritatis corporis voluptatem. Alias adipisci eos eveniet rerum maxime id. Dolor illo fugiat nihil similique.<p><img alt=\"\" src=\"http://localhost/shop_project/public/upload/imgDetailProduct/nikon2.jpg\" style=\"height:400px; width:400px\" /></p>Labore optio tempore et quo nostrum. Reprehenderit at velit ab minima autem cum tenetur impedit. Earum ea qui adipisci dolorem quia natus et. Voluptatem laborum sit vel neque corrupti tenetur eos. Voluptatibus illum eius fugiat qui aperiam sit omnis. Dolorem omnis ratione aut esse non. Et soluta placeat voluptatem atque est et. Nihil sed alias veniam velit. Dolores commodi quo ad facere eum est pariatur. Quisquam quisquam modi sed velit voluptatibus unde culpa. Quia tenetur quia odit est.<p><img alt=\"\" src=\"http://localhost/shop_project/public/upload/imgDetailProduct/nikon3.jpg\" style=\"height:400px; width:400px\" /></p>',861.00,'/upload/avatarProduct/camera.jpg',20,1,1,'3','6','2019-11-01 07:57:36','2019-11-01 07:57:38'),(45,5,'Dell Inspiron 685','Nesciunt saepe quam id quia nihil voluptatem. Voluptates dolor officiis voluptate reiciendis fuga. Non fugit numquam corrupti vitae qui impedit eius.','Dolore officiis quis rem reiciendis incidunt in nihil. Possimus qui quia provident fugiat tenetur dolorem repellat saepe. Est itaque at et. Est officiis voluptas ex delectus facilis quisquam nemo asperiores. Molestiae beatae a laudantium iure at et. Quas quibusdam laudantium et. Minus minus eveniet quo et blanditiis ut maiores. Aliquam voluptates sed ducimus. Qui id hic omnis ipsum est ipsum. Reprehenderit quasi sed consectetur sunt dolorum.<p><img alt=\"\" src=\"http://localhost/shop_project/public/upload/imgDetailProduct/dell1.jpg\" style=\"height:400px; width:400px\" /></p>Repudiandae et consequatur quaerat et. Amet sequi tenetur non. Vel reiciendis ipsa ea voluptas quod. Repudiandae dolore quod nulla quis voluptatem magnam nostrum veniam. Quidem molestias sunt aut dicta quibusdam voluptatem perferendis quasi. Debitis iste nesciunt maiores error ipsum esse. Aspernatur perferendis quod sint nisi. Quasi nobis sint minus itaque aut. In amet at voluptate eaque. Aut ullam voluptate et. Accusamus ut deleniti non.<p><img alt=\"\" src=\"http://localhost/shop_project/public/upload/imgDetailProduct/dell2.jpg\" style=\"height:400px; width:400px\" /></p>Vitae sint nesciunt aut eveniet quas at. Dicta aut autem voluptas voluptates quos voluptatibus. Delectus excepturi cum quibusdam et et laboriosam. Unde qui numquam cumque aliquam rem deleniti odio. Pariatur cupiditate deserunt iste id beatae. Perspiciatis atque incidunt maiores aliquam. Distinctio rerum ut consectetur ipsum eius doloribus fugit. Facilis repellendus fugit ut illum. Vel nihil perspiciatis placeat nobis rerum eos ut.<p><img alt=\"\" src=\"http://localhost/shop_project/public/upload/imgDetailProduct/dell3.jpg\" style=\"height:400px; width:400px\" /></p>',614.00,'/upload/avatarProduct/laptop-dell.jpg',0,1,1,'3','1','2019-11-01 07:57:36','2019-11-01 07:57:38'),(46,6,'HP Probook 147','Consequatur consequatur dolorum omnis incidunt error pariatur. Velit tenetur optio dolorum. Sapiente assumenda repellendus ipsa nemo labore.','Minus et molestias consequatur laudantium. Qui quia doloremque exercitationem officia unde sunt. Ipsum recusandae minus autem qui. Neque pariatur ex facilis temporibus. Iure sunt velit dolore illum perspiciatis eligendi. Quasi mollitia quasi ut delectus. Velit sit porro ut tempora numquam. Omnis ducimus sint eos autem quam et. In aut eveniet possimus qui sed ducimus.<p><img alt=\"\" src=\"http://localhost/shop_project/public/upload/imgDetailProduct/hp1.jpg\" style=\"height:400px; width:400px\" /></p>Quia et non vel dicta. Nisi cupiditate quos omnis architecto atque est enim. At qui labore ducimus qui quia facilis. Repudiandae natus sed qui non ut neque nihil praesentium. Dolore deserunt eius eaque. Tempore tenetur voluptatem aut est modi cupiditate eum eius. Architecto placeat nihil eos excepturi non sed excepturi fugit.<p><img alt=\"\" src=\"http://localhost/shop_project/public/upload/imgDetailProduct/hp2.jpg\" style=\"height:400px; width:400px\" /></p>Repudiandae ex sed repellendus voluptatum cum doloremque tenetur non. Facilis aut aperiam aut voluptatibus illo maxime nam. Facere minus eius numquam sint illo. Amet molestiae accusamus natus eum distinctio. Deleniti impedit architecto impedit rem. Ullam eum veritatis quaerat accusamus accusamus nulla aut. Dolorem minus vero et eveniet magni laborum. Velit similique aliquam ut nulla sint. Eaque ut sunt itaque incidunt. Asperiores fuga officia sunt ut modi.<p><img alt=\"\" src=\"http://localhost/shop_project/public/upload/imgDetailProduct/hp3.jpg\" style=\"height:400px; width:400px\" /></p>',719.00,'/upload/avatarProduct/laptop-hp.jpg',0,0,1,'3','3','2019-11-01 07:57:36','2019-11-01 07:57:38'),(47,8,'Iphone 2','Ullam doloribus voluptatem eos officia. Non quisquam autem consequatur et quia perferendis. Harum earum blanditiis odio omnis dolor.','Nihil quis saepe omnis nemo velit iusto eos. Doloribus suscipit qui repudiandae doloribus provident laborum consectetur. Earum eos necessitatibus veritatis cumque. Ex eos qui assumenda rerum voluptatem esse et sit. Distinctio dignissimos rerum dolor. Dignissimos et ut quia necessitatibus sed facilis iure qui. Magni quae libero facere inventore eligendi. In officia ut ipsam eum. Cupiditate maiores earum et. Provident atque nihil impedit tempora sunt et quas aut.<p><img alt=\"\" src=\"http://localhost/shop_project/public/upload/imgDetailProduct/iphone1.jpg\" style=\"height:400px; width:400px\" /></p>Cumque voluptatem sunt unde incidunt et. Quibusdam odio magnam sed dolorem eius omnis. Qui provident omnis a eos corporis quia labore. Animi tempore quae perferendis sit sed quia sapiente. Dolor qui nulla eos. A est labore nam tenetur porro omnis explicabo. Est voluptatem eaque quia vitae adipisci. Unde ipsam harum asperiores perferendis. Quis ut saepe aspernatur recusandae iste odit necessitatibus placeat.<p><img alt=\"\" src=\"http://localhost/shop_project/public/upload/imgDetailProduct/iphone2.jpg\" style=\"height:400px; width:400px\" /></p>Tempore sit qui est placeat libero sed consequuntur quisquam. Quisquam et nesciunt eos et qui. Voluptatibus numquam tempore voluptatem. Id repudiandae odit at quia similique. Nesciunt ratione quibusdam occaecati sunt laborum. Doloribus sequi placeat voluptatem vel excepturi. Eligendi ut eaque excepturi aut at non. Ipsa vitae consequatur dolorem magni quis sed vel. Voluptatem eius animi quo sunt ducimus eveniet iste. Autem rerum ullam enim eaque perferendis in voluptatem.<p><img alt=\"\" src=\"http://localhost/shop_project/public/upload/imgDetailProduct/iphone3.jpg\" style=\"height:400px; width:400px\" /></p>',792.00,'/upload/avatarProduct/smartphone-iphone.jpg',10,0,0,'4','6','2019-11-01 07:57:36','2019-11-01 07:57:38'),(48,5,'Dell Inspiron 161','Occaecati modi et eos et. Blanditiis et error adipisci dolorem. Nobis autem voluptatem fugiat doloribus nostrum nesciunt veritatis.','Quisquam est et quas aspernatur repellat. Rerum dolorem nobis qui ab odio. Perspiciatis aspernatur ad sit quia voluptas. Autem eos eaque est dolor cumque. Inventore enim ipsa distinctio inventore porro exercitationem. Dolor et natus nisi perferendis saepe ut voluptatum inventore. Molestiae et aut blanditiis temporibus saepe aut ipsum. Non temporibus et voluptates aut ipsam quo. Officia quibusdam quam consequatur inventore incidunt. Beatae ut unde perferendis aut consequatur.<p><img alt=\"\" src=\"http://localhost/shop_project/public/upload/imgDetailProduct/dell1.jpg\" style=\"height:400px; width:400px\" /></p>Accusamus dolorum quos libero sit est voluptatibus nihil. Sint consequatur molestiae aspernatur aperiam maiores omnis. Minima architecto magnam eaque vitae labore vel. Molestiae ipsam accusantium ullam. Deleniti sint et error. Corrupti rerum voluptatem tempora quo aliquam nesciunt. Sit cumque nulla et assumenda consequuntur in beatae. Voluptas molestiae et quibusdam tempora dignissimos aliquam nisi est. Ut eveniet quos voluptatibus et.<p><img alt=\"\" src=\"http://localhost/shop_project/public/upload/imgDetailProduct/dell2.jpg\" style=\"height:400px; width:400px\" /></p>Sunt aut qui cupiditate aliquid veniam. Reprehenderit id neque tempora corporis amet ea ea. Nesciunt ipsa deserunt ut consectetur voluptate facilis. Magni dignissimos dolorum esse voluptate sint recusandae. Aliquid sequi aut minima impedit et velit voluptatibus. Magnam laborum ipsam perferendis vel consequatur expedita voluptas. Magnam consequatur nam commodi illo voluptas. Est quae porro dolore enim dolores et necessitatibus.<p><img alt=\"\" src=\"http://localhost/shop_project/public/upload/imgDetailProduct/dell3.jpg\" style=\"height:400px; width:400px\" /></p>',612.00,'/upload/avatarProduct/laptop-dell.jpg',10,0,0,'0','0','2019-11-01 07:57:36','2019-11-01 07:57:36'),(49,8,'Iphone 5','Dolorum odit minima quas eligendi et fugiat fugit. Cupiditate atque harum tempora aut ut dignissimos. Nam maiores consequuntur aut magnam laborum facere.','Quidem et rem aperiam quod. Deserunt molestiae veniam dolore maxime pariatur id. Maiores beatae explicabo aspernatur sint ut. Non et dolores officiis atque. Neque quia omnis quo officiis ea omnis. Sit illo omnis unde quas earum hic qui. Non similique molestiae ut sed. Et eos ab dolor quos. Ullam aut voluptatem harum molestiae laboriosam at. Voluptates eligendi ea ab qui. Consequatur aut officiis voluptas eaque perspiciatis iste est.<p><img alt=\"\" src=\"http://localhost/shop_project/public/upload/imgDetailProduct/iphone1.jpg\" style=\"height:400px; width:400px\" /></p>Minima eum eos hic tempore consequatur deleniti. Quia impedit ut et veniam ea corporis repellendus. Ex dolores laudantium ut. Consequatur repellendus dicta odio sunt nemo exercitationem. Beatae sit ea deserunt id aut. Aut perferendis fugiat et architecto iusto voluptatem. Autem qui quo ipsam blanditiis magni. Aut sequi et sunt asperiores sint laudantium aliquid. Eos nulla eveniet ut quis impedit nihil. Earum vel quia culpa.<p><img alt=\"\" src=\"http://localhost/shop_project/public/upload/imgDetailProduct/iphone2.jpg\" style=\"height:400px; width:400px\" /></p>Vel accusamus dolorem aliquid voluptatem aliquid quasi saepe. Minima explicabo beatae rem ullam. Deserunt nihil ea voluptate et quaerat. Saepe ea illum dicta voluptas eligendi voluptatum occaecati. Deserunt dicta et vel voluptas sit aut explicabo. Nisi est sit hic ut aliquam iusto sint. Saepe similique dicta dicta sint dolor officiis. Saepe quae atque ut. Ut doloribus modi dolorem nihil ut et blanditiis.<p><img alt=\"\" src=\"http://localhost/shop_project/public/upload/imgDetailProduct/iphone3.jpg\" style=\"height:400px; width:400px\" /></p>',693.00,'/upload/avatarProduct/smartphone-iphone.jpg',10,0,0,'3.75','0','2019-11-01 07:57:36','2019-11-01 07:57:38'),(50,7,'Lenovo Thinkpad 507','Doloribus voluptatem eos aut eos. Quis voluptatum fugit non quisquam commodi. Impedit nobis voluptate quis blanditiis sit numquam fugit.','Voluptas enim quae sint molestias voluptate. Et aperiam dicta autem tempore voluptatem. Nobis distinctio aperiam explicabo eaque expedita. Eligendi dolor non velit quam. Quo consequatur qui ut at aut vero unde provident. Aut velit saepe amet quisquam. Sit unde saepe pariatur et laborum. Ut minima qui consectetur assumenda quia eum aut et. Et et delectus ipsa mollitia voluptatum voluptate labore pariatur.<p><img alt=\"\" src=\"http://localhost/shop_project/public/upload/imgDetailProduct/lenovo1.jpg\" style=\"height:400px; width:400px\" /></p>Molestiae corrupti quaerat omnis cumque ex aut at. Qui tenetur qui aliquam alias et et totam. Corrupti voluptatem eaque sed amet quasi ut rerum. Non molestiae tenetur impedit et. Architecto velit nisi ut non labore. Aut quaerat molestiae ut aliquam reprehenderit iste. Quis quam illo quas reiciendis quos. Occaecati iure perspiciatis sequi mollitia. Et error soluta nisi repellendus suscipit ullam rem. Aut qui delectus delectus rerum atque fuga beatae voluptatem. Facilis quam nesciunt quia cumque.<p><img alt=\"\" src=\"http://localhost/shop_project/public/upload/imgDetailProduct/lenovo2.jpg\" style=\"height:400px; width:400px\" /></p>Molestiae voluptatem qui ut nulla assumenda voluptatem et. Nulla harum voluptatum rerum assumenda. Nemo excepturi perspiciatis dolor et. Veritatis expedita sunt vel qui. Numquam sit qui molestias non est. Corporis quo optio quo incidunt omnis maxime. In sed modi debitis. Quia dolore officia sunt et non. Tempora delectus illum totam at. Et fugiat ipsum laudantium voluptate reprehenderit et. Qui odio voluptatibus alias blanditiis et est corrupti. A at eum est ab magnam reprehenderit.<p><img alt=\"\" src=\"http://localhost/shop_project/public/upload/imgDetailProduct/lenovo3.jpg\" style=\"height:400px; width:400px\" /></p>',532.00,'/upload/avatarProduct/laptop-lenovo.jpg',10,0,0,'2','9','2019-11-01 07:57:36','2019-11-01 07:57:38');
/*!40000 ALTER TABLE `products` ENABLE KEYS */;
UNLOCK TABLES;

--
-- Table structure for table `users`
--

DROP TABLE IF EXISTS `users`;
/*!40101 SET @saved_cs_client     = @@character_set_client */;
/*!40101 SET character_set_client = utf8 */;
CREATE TABLE `users` (
  `id` int(10) unsigned NOT NULL AUTO_INCREMENT,
  `name` varchar(255) COLLATE utf8mb4_unicode_ci NOT NULL,
  `email` varchar(255) COLLATE utf8mb4_unicode_ci NOT NULL,
  `password` varchar(255) COLLATE utf8mb4_unicode_ci NOT NULL,
  `role` varchar(255) COLLATE utf8mb4_unicode_ci NOT NULL,
  `picture` varchar(255) COLLATE utf8mb4_unicode_ci NOT NULL,
  `phone` varchar(255) COLLATE utf8mb4_unicode_ci NOT NULL,
  `address` text COLLATE utf8mb4_unicode_ci NOT NULL,
  `remember_token` varchar(100) COLLATE utf8mb4_unicode_ci DEFAULT NULL,
  `created_at` timestamp NULL DEFAULT NULL,
  `updated_at` timestamp NULL DEFAULT NULL,
  PRIMARY KEY (`id`),
  UNIQUE KEY `users_email_unique` (`email`)
) ENGINE=InnoDB AUTO_INCREMENT=6 DEFAULT CHARSET=utf8mb4 COLLATE=utf8mb4_unicode_ci;
/*!40101 SET character_set_client = @saved_cs_client */;

--
-- Dumping data for table `users`
--

LOCK TABLES `users` WRITE;
/*!40000 ALTER TABLE `users` DISABLE KEYS */;
INSERT INTO `users` VALUES (1,'Phuoc','phuoc@gmail.com','$2y$10$Qfwju/mClAgGalolfOtb2.QLqLgLx1KwqGqYc60WGC.d8JMpv/LjW','administrator','/upload/userPic/avatar default.jpg','12345678','Hue dsfdfdf','YHcP9HEGXO1wEWp51MW7diwHRHl3zDQH48B77rsrbyqSaz16x2CfzJCwZuuv',NULL,'2020-02-21 02:50:27'),(2,'Duy','duy@gmail.com','$2y$10$JIxMvn7RflZXyvApbtymJeflGF6ePOmJuNuV03tmKhQaQkRU4v0ia','administrator','/upload/userPic/avatar default.jpg','12345678','Hue',NULL,NULL,NULL),(3,'user1','user1@gmail.com','$2y$10$CGAdPNgZ/ez8UwTZZafOxO0WRKcPJONFGMFdVacs6zhBcbloy3z2e','user','/upload/userPic/avatar default.jpg','12345678','DN',NULL,NULL,NULL),(4,'user2','user2@gmail.com','$2y$10$rt/MazqIq0g/YJV1dSm1zuBRoaORMncFiVxzQoTnNngRJPOJQfCgK','user','/upload/userPic/avatar default.jpg','12345678','HN',NULL,NULL,NULL),(5,'user3','user3@gmail.com','$2y$10$X67foYHo8ir2iz5pRjqZ0ubqkVCna69ghUCR82O4ASMD.6v8/jWMS','user','/upload/userPic/avatar default.jpg','12345678','HCM',NULL,NULL,NULL);
/*!40000 ALTER TABLE `users` ENABLE KEYS */;
UNLOCK TABLES;

--
-- Final view structure for view `CategoryView`
--

/*!50001 DROP VIEW IF EXISTS `CategoryView`*/;
/*!50001 SET @saved_cs_client          = @@character_set_client */;
/*!50001 SET @saved_cs_results         = @@character_set_results */;
/*!50001 SET @saved_col_connection     = @@collation_connection */;
/*!50001 SET character_set_client      = utf8mb4 */;
/*!50001 SET character_set_results     = utf8mb4 */;
/*!50001 SET collation_connection      = utf8mb4_general_ci */;
/*!50001 CREATE ALGORITHM=UNDEFINED */
/*!50013 DEFINER=`root`@`localhost` SQL SECURITY DEFINER */
/*!50001 VIEW `CategoryView` AS select `categories`.`name` AS `name`,`categories`.`keyword` AS `keyword`,`categories`.`picture` AS `picture`,`categories`.`parent_id` AS `parent_id` from `categories` */;
/*!50001 SET character_set_client      = @saved_cs_client */;
/*!50001 SET character_set_results     = @saved_cs_results */;
/*!50001 SET collation_connection      = @saved_col_connection */;
/*!40103 SET TIME_ZONE=@OLD_TIME_ZONE */;

/*!40101 SET SQL_MODE=@OLD_SQL_MODE */;
/*!40014 SET FOREIGN_KEY_CHECKS=@OLD_FOREIGN_KEY_CHECKS */;
/*!40014 SET UNIQUE_CHECKS=@OLD_UNIQUE_CHECKS */;
/*!40101 SET CHARACTER_SET_CLIENT=@OLD_CHARACTER_SET_CLIENT */;
/*!40101 SET CHARACTER_SET_RESULTS=@OLD_CHARACTER_SET_RESULTS */;
/*!40101 SET COLLATION_CONNECTION=@OLD_COLLATION_CONNECTION */;
/*!40111 SET SQL_NOTES=@OLD_SQL_NOTES */;

-- Dump completed on 2020-09-14 17:03:55
